epoch,best_auc_HOLD_OUT_vs_self/epoch,best_auc_HOLD_OUT_vs_self/acc_yinda_level0,best_auc_HOLD_OUT_vs_self/auc_yinda_level0,best_auc_HOLD_OUT_vs_self/mean_average_precision_at_r_level0,best_auc_HOLD_OUT_vs_self/precision_at_1_level0,best_auc_HOLD_OUT_vs_self/r_precision_level0,best_auc_HOLD_OUT_vs_self/best_epoch,best_auc_HOLD_OUT_vs_self/best_accuracy
1,1.0,0.8888888955116272,0.24500000476837158,0.7783713936805725,0.8444444537162781,0.8297720551490784,1.0,0.24500000476837158
2,2.0,0.8888888955116272,0.19499999284744263,0.7838395237922668,0.8444444537162781,0.8331908583641052,1.0,0.24500000476837158
3,3.0,0.8888888955116272,0.16500000655651093,0.7831248641014099,0.8444444537162781,0.833760678768158,1.0,0.24500000476837158
4,4.0,0.8888888955116272,0.14499999582767487,0.7813575863838196,0.8444444537162781,0.8293447494506836,1.0,0.24500000476837158
5,5.0,0.8888888955116272,0.11500000208616257,0.7836456894874573,0.8222222328186035,0.831623911857605,1.0,0.24500000476837158
6,6.0,0.8888888955116272,0.10499999672174454,0.7804584503173828,0.8222222328186035,0.8293447494506836,1.0,0.24500000476837158
7,7.0,0.8888888955116272,0.09000000357627869,0.7789623737335205,0.8222222328186035,0.8309116959571838,1.0,0.24500000476837158
8,8.0,0.8888888955116272,0.07500000298023224,0.7809880375862122,0.8222222328186035,0.8353276252746582,1.0,0.24500000476837158
9,9.0,0.8888888955116272,0.06499999761581421,0.7820737957954407,0.800000011920929,0.8364672660827637,1.0,0.24500000476837158
10,10.0,0.8888888955116272,0.05999999865889549,0.7833578586578369,0.8222222328186035,0.8353276252746582,1.0,0.24500000476837158
11,11.0,0.8888888955116272,0.054999999701976776,0.783846378326416,0.8666666746139526,0.8347578644752502,1.0,0.24500000476837158
12,12.0,0.8888888955116272,0.04500000178813934,0.7855037450790405,0.8666666746139526,0.8353276252746582,1.0,0.24500000476837158
13,13.0,0.8888888955116272,0.03999999910593033,0.7919782996177673,0.9333333373069763,0.8347578644752502,1.0,0.24500000476837158
14,14.0,0.8888888955116272,0.029999999329447746,0.7890478372573853,0.8888888955116272,0.8347578644752502,1.0,0.24500000476837158
15,15.0,0.8888888955116272,0.029999999329447746,0.784839391708374,0.8666666746139526,0.8347578644752502,1.0,0.24500000476837158
16,16.0,0.8888888955116272,0.03500000014901161,0.7957735657691956,0.8888888955116272,0.8450142741203308,1.0,0.24500000476837158
17,17.0,0.8888888955116272,0.07999999821186066,0.8006051778793335,0.8222222328186035,0.8484330773353577,1.0,0.24500000476837158
18,18.0,0.8888888955116272,0.1550000011920929,0.8041987419128418,0.8222222328186035,0.8512820601463318,1.0,0.24500000476837158
19,19.0,0.8888888955116272,0.3050000071525574,0.8012301921844482,0.800000011920929,0.8512820601463318,19.0,0.3050000071525574
20,20.0,0.8888888955116272,0.45500001311302185,0.7987711429595947,0.800000011920929,0.8501424789428711,20.0,0.45500001311302185
21,21.0,0.8888888955116272,0.625,0.7989029288291931,0.8222222328186035,0.8484330773353577,21.0,0.625
22,22.0,0.8888888955116272,0.6899999976158142,0.8005704283714294,0.8222222328186035,0.8484330773353577,22.0,0.6899999976158142
23,23.0,0.8888888955116272,0.7250000238418579,0.8015139102935791,0.8222222328186035,0.8490028381347656,23.0,0.7250000238418579
24,24.0,0.8888888955116272,0.7649999856948853,0.8023122549057007,0.8222222328186035,0.8495726585388184,24.0,0.7649999856948853
25,25.0,0.8888888955116272,0.8199999928474426,0.8018431663513184,0.8222222328186035,0.8501424789428711,25.0,0.8199999928474426
26,26.0,0.8888888955116272,0.8349999785423279,0.8011436462402344,0.8222222328186035,0.8501424789428711,26.0,0.8349999785423279
27,27.0,0.8888888955116272,0.8349999785423279,0.799913227558136,0.800000011920929,0.8539885878562927,26.0,0.8349999785423279
28,28.0,0.8888888955116272,0.8299999833106995,0.797883152961731,0.7777777910232544,0.8539885878562927,26.0,0.8349999785423279
29,29.0,0.8888888955116272,0.8399999737739563,0.7961939573287964,0.7777777910232544,0.8534188270568848,29.0,0.8399999737739563
30,30.0,0.8888888955116272,0.8600000143051147,0.7983089089393616,0.7777777910232544,0.8545584082603455,30.0,0.8600000143051147
31,31.0,0.8888888955116272,0.8650000095367432,0.8005058169364929,0.7777777910232544,0.8545584082603455,31.0,0.8650000095367432
32,32.0,0.8888888955116272,0.8650000095367432,0.8024635910987854,0.7777777910232544,0.8556979894638062,31.0,0.8650000095367432
33,33.0,0.8888888955116272,0.875,0.7975099086761475,0.7555555701255798,0.8545584082603455,33.0,0.875
34,34.0,0.8888888955116272,0.8650000095367432,0.7960013151168823,0.7777777910232544,0.8539885878562927,33.0,0.875
35,35.0,0.8888888955116272,0.8650000095367432,0.7921019792556763,0.800000011920929,0.8495726585388184,33.0,0.875
36,36.0,0.8888888955116272,0.8650000095367432,0.7928063273429871,0.7777777910232544,0.8501424789428711,33.0,0.875
37,37.0,0.8888888955116272,0.8700000047683716,0.791626513004303,0.7777777910232544,0.8484330773353577,33.0,0.875
38,38.0,0.8888888955116272,0.8700000047683716,0.7914758920669556,0.7777777910232544,0.8490028381347656,33.0,0.875
39,39.0,0.8888888955116272,0.8650000095367432,0.7925691604614258,0.800000011920929,0.8501424789428711,33.0,0.875
40,40.0,0.8888888955116272,0.8650000095367432,0.7933496832847595,0.800000011920929,0.850712239742279,33.0,0.875
41,41.0,0.8888888955116272,0.8849999904632568,0.7931429743766785,0.7777777910232544,0.8484330773353577,41.0,0.8849999904632568
42,42.0,0.8888888955116272,0.8849999904632568,0.7880933880805969,0.7555555701255798,0.8484330773353577,41.0,0.8849999904632568
43,43.0,0.8888888955116272,0.8799999952316284,0.7908821702003479,0.7777777910232544,0.8501424789428711,41.0,0.8849999904632568
44,44.0,0.8888888955116272,0.8799999952316284,0.7939099073410034,0.800000011920929,0.8501424789428711,41.0,0.8849999904632568
45,45.0,0.8888888955116272,0.8799999952316284,0.7909472584724426,0.800000011920929,0.8495726585388184,41.0,0.8849999904632568
46,46.0,0.8888888955116272,0.8799999952316284,0.7893680930137634,0.7777777910232544,0.8484330773353577,41.0,0.8849999904632568
47,47.0,0.8888888955116272,0.8700000047683716,0.7913470268249512,0.800000011920929,0.8501424789428711,41.0,0.8849999904632568
48,48.0,0.8888888955116272,0.875,0.7865340709686279,0.800000011920929,0.8478632569313049,41.0,0.8849999904632568
49,49.0,0.8888888955116272,0.875,0.7841055989265442,0.800000011920929,0.8472934365272522,41.0,0.8849999904632568
50,50.0,0.8888888955116272,0.8700000047683716,0.7845337390899658,0.800000011920929,0.8472934365272522,41.0,0.8849999904632568
51,51.0,0.8888888955116272,0.875,0.7839922308921814,0.800000011920929,0.8472934365272522,41.0,0.8849999904632568
52,52.0,0.8888888955116272,0.8700000047683716,0.7868869304656982,0.800000011920929,0.8490028381347656,41.0,0.8849999904632568
53,53.0,0.8888888955116272,0.8799999952316284,0.7902732491493225,0.7777777910232544,0.8495726585388184,41.0,0.8849999904632568
54,54.0,0.8888888955116272,0.8799999952316284,0.7933337092399597,0.7777777910232544,0.8495726585388184,41.0,0.8849999904632568
55,55.0,0.8888888955116272,0.8849999904632568,0.7936843037605286,0.7777777910232544,0.8501424789428711,55.0,0.8849999904632568
56,56.0,0.8888888955116272,0.8799999952316284,0.7899016737937927,0.8222222328186035,0.8478632569313049,55.0,0.8849999904632568
57,57.0,0.8888888955116272,0.8799999952316284,0.7839027047157288,0.800000011920929,0.8478632569313049,55.0,0.8849999904632568
58,58.0,0.9111111164093018,0.8799999952316284,0.7828440070152283,0.7777777910232544,0.8461538553237915,55.0,0.8849999904632568
59,59.0,0.9111111164093018,0.8849999904632568,0.7862592339515686,0.7777777910232544,0.8461538553237915,55.0,0.8849999904632568
60,60.0,0.8888888955116272,0.8799999952316284,0.7871195673942566,0.800000011920929,0.8490028381347656,55.0,0.8849999904632568
61,61.0,0.9111111164093018,0.8799999952316284,0.7858965992927551,0.800000011920929,0.8467236757278442,55.0,0.8849999904632568
62,62.0,0.9111111164093018,0.875,0.7891731858253479,0.800000011920929,0.8495726585388184,55.0,0.8849999904632568
63,63.0,0.9111111164093018,0.8700000047683716,0.7860310673713684,0.800000011920929,0.8472934365272522,55.0,0.8849999904632568
64,64.0,0.8888888955116272,0.8700000047683716,0.7880610823631287,0.800000011920929,0.8495726585388184,55.0,0.8849999904632568
65,65.0,0.9111111164093018,0.8799999952316284,0.7870081067085266,0.800000011920929,0.8484330773353577,55.0,0.8849999904632568
66,66.0,0.9111111164093018,0.8799999952316284,0.7890133261680603,0.8222222328186035,0.8484330773353577,55.0,0.8849999904632568
67,67.0,0.9111111164093018,0.8799999952316284,0.7894906997680664,0.8222222328186035,0.8495726585388184,55.0,0.8849999904632568
68,68.0,0.9111111164093018,0.8899999856948853,0.7939814329147339,0.8444444537162781,0.8501424789428711,68.0,0.8899999856948853
69,69.0,0.9333333373069763,0.8849999904632568,0.7909843921661377,0.8222222328186035,0.8484330773353577,68.0,0.8899999856948853
70,70.0,0.9111111164093018,0.8799999952316284,0.7976031303405762,0.8222222328186035,0.8524216413497925,68.0,0.8899999856948853
71,71.0,0.8444444537162781,0.8849999904632568,0.788499116897583,0.8222222328186035,0.8467236757278442,68.0,0.8899999856948853
72,72.0,0.9111111164093018,0.875,0.7910847663879395,0.8444444537162781,0.8501424789428711,68.0,0.8899999856948853
73,73.0,0.8888888955116272,0.8799999952316284,0.7875520586967468,0.8222222328186035,0.8484330773353577,68.0,0.8899999856948853
74,74.0,0.8888888955116272,0.8949999809265137,0.7904869318008423,0.8444444537162781,0.8484330773353577,74.0,0.8949999809265137
75,75.0,0.9111111164093018,0.8899999856948853,0.7961997985839844,0.8444444537162781,0.8518518805503845,74.0,0.8949999809265137
76,76.0,0.9111111164093018,0.8899999856948853,0.7945631742477417,0.8222222328186035,0.8518518805503845,74.0,0.8949999809265137
77,77.0,0.8888888955116272,0.8999999761581421,0.7928336262702942,0.8222222328186035,0.8495726585388184,77.0,0.8999999761581421
78,78.0,0.9111111164093018,0.8949999809265137,0.7950997948646545,0.8222222328186035,0.8524216413497925,77.0,0.8999999761581421
79,79.0,0.800000011920929,0.8949999809265137,0.7878336310386658,0.8444444537162781,0.8472934365272522,77.0,0.8999999761581421
80,80.0,0.9111111164093018,0.8849999904632568,0.7900035381317139,0.8444444537162781,0.8574073910713196,77.0,0.8999999761581421
81,81.0,0.7555555701255798,0.8899999856948853,0.7841237783432007,0.8444444537162781,0.8467236757278442,77.0,0.8999999761581421
82,82.0,0.8888888955116272,0.8799999952316284,0.7858569622039795,0.8444444537162781,0.8484330773353577,77.0,0.8999999761581421
83,83.0,0.8222222328186035,0.875,0.7663979530334473,0.8222222328186035,0.8324786424636841,77.0,0.8999999761581421
84,84.0,0.800000011920929,0.875,0.7769842147827148,0.8222222328186035,0.846581220626831,77.0,0.8999999761581421
85,85.0,0.8666666746139526,0.8799999952316284,0.7837395071983337,0.8222222328186035,0.852849006652832,77.0,0.8999999761581421
86,86.0,0.9111111164093018,0.875,0.7840453386306763,0.8222222328186035,0.8478632569313049,77.0,0.8999999761581421
87,87.0,0.6222222447395325,0.8899999856948853,0.7814404368400574,0.8444444537162781,0.8461538553237915,77.0,0.8999999761581421
88,88.0,0.7333333492279053,0.8849999904632568,0.7833806872367859,0.8444444537162781,0.8472934365272522,77.0,0.8999999761581421
89,89.0,0.8888888955116272,0.8899999856948853,0.7902353405952454,0.8666666746139526,0.850712239742279,77.0,0.8999999761581421
90,90.0,0.8222222328186035,0.8899999856948853,0.7840929627418518,0.8666666746139526,0.8472934365272522,77.0,0.8999999761581421
91,91.0,0.7777777910232544,0.8849999904632568,0.7755787372589111,0.8444444537162781,0.8425925970077515,77.0,0.8999999761581421
92,92.0,0.800000011920929,0.875,0.7697681784629822,0.8222222328186035,0.8269230723381042,77.0,0.8999999761581421
93,93.0,0.7777777910232544,0.8849999904632568,0.7802689075469971,0.8888888955116272,0.8304843306541443,77.0,0.8999999761581421
94,94.0,0.8888888955116272,0.8799999952316284,0.7736486196517944,0.8666666746139526,0.8198005557060242,77.0,0.8999999761581421
95,95.0,0.8888888955116272,0.8999999761581421,0.7852693796157837,0.9111111164093018,0.8339031338691711,77.0,0.8999999761581421
96,96.0,0.7555555701255798,0.8899999856948853,0.7848227024078369,0.9111111164093018,0.8350427150726318,77.0,0.8999999761581421
97,97.0,0.8888888955116272,0.8799999952316284,0.7740610241889954,0.8666666746139526,0.8247863054275513,77.0,0.8999999761581421
98,98.0,0.8666666746139526,0.8799999952316284,0.7738420963287354,0.8888888955116272,0.8236467242240906,77.0,0.8999999761581421
99,99.0,0.9111111164093018,0.8799999952316284,0.7848093509674072,0.8666666746139526,0.831054151058197,77.0,0.8999999761581421
100,100.0,0.800000011920929,0.8700000047683716,0.7673534750938416,0.8888888955116272,0.8219373226165771,77.0,0.8999999761581421
101,101.0,0.8888888955116272,0.8700000047683716,0.763706386089325,0.8444444537162781,0.81695157289505,77.0,0.8999999761581421
102,102.0,0.7777777910232544,0.875,0.7656129598617554,0.8666666746139526,0.8163817524909973,77.0,0.8999999761581421
103,103.0,0.800000011920929,0.875,0.7673547863960266,0.8888888955116272,0.8180911540985107,77.0,0.8999999761581421
104,104.0,0.8888888955116272,0.875,0.7739187479019165,0.8444444537162781,0.8192307949066162,77.0,0.8999999761581421
105,105.0,0.7777777910232544,0.8550000190734863,0.7503258585929871,0.8222222328186035,0.811253547668457,77.0,0.8999999761581421
106,106.0,0.7555555701255798,0.875,0.7634449601173401,0.8222222328186035,0.8198005557060242,77.0,0.8999999761581421
107,107.0,0.7555555701255798,0.8799999952316284,0.7698420286178589,0.800000011920929,0.8264957070350647,77.0,0.8999999761581421
108,108.0,0.7777777910232544,0.8799999952316284,0.7694902420043945,0.8222222328186035,0.8225071430206299,77.0,0.8999999761581421
109,109.0,0.7777777910232544,0.875,0.768940269947052,0.8444444537162781,0.8219373226165771,77.0,0.8999999761581421
110,110.0,0.7555555701255798,0.875,0.7680028080940247,0.8444444537162781,0.8230769038200378,77.0,0.8999999761581421
111,111.0,0.8666666746139526,0.875,0.7775220274925232,0.8666666746139526,0.8327635526657104,77.0,0.8999999761581421
112,112.0,0.5777778029441833,0.8799999952316284,0.7785590291023254,0.8666666746139526,0.8383190631866455,77.0,0.8999999761581421
113,113.0,0.8444444537162781,0.8799999952316284,0.7653417587280273,0.8666666746139526,0.81695157289505,77.0,0.8999999761581421
114,114.0,0.8888888955116272,0.8799999952316284,0.7713073492050171,0.8888888955116272,0.8180911540985107,77.0,0.8999999761581421
115,115.0,0.8666666746139526,0.875,0.7731460332870483,0.8666666746139526,0.8180911540985107,77.0,0.8999999761581421
116,116.0,0.7777777910232544,0.875,0.7638463377952576,0.800000011920929,0.8163817524909973,77.0,0.8999999761581421
117,117.0,0.7777777910232544,0.8600000143051147,0.7703716158866882,0.8444444537162781,0.8307692408561707,77.0,0.8999999761581421
118,118.0,0.8888888955116272,0.875,0.7739946842193604,0.9111111164093018,0.8230769038200378,77.0,0.8999999761581421
119,119.0,0.8444444537162781,0.875,0.7756554484367371,0.8888888955116272,0.8242165446281433,77.0,0.8999999761581421
120,120.0,0.7555555701255798,0.8700000047683716,0.7653307914733887,0.8666666746139526,0.8213675022125244,77.0,0.8999999761581421
121,121.0,0.7555555701255798,0.8700000047683716,0.7715205550193787,0.8888888955116272,0.827492892742157,77.0,0.8999999761581421
122,122.0,0.800000011920929,0.875,0.7710680961608887,0.9111111164093018,0.827492892742157,77.0,0.8999999761581421
123,123.0,0.8444444537162781,0.875,0.7738375067710876,0.9111111164093018,0.8186609745025635,77.0,0.8999999761581421
124,124.0,0.8888888955116272,0.875,0.7669914364814758,0.8222222328186035,0.8203703761100769,77.0,0.8999999761581421
125,125.0,0.800000011920929,0.875,0.7626786828041077,0.8222222328186035,0.8213675022125244,77.0,0.8999999761581421
126,126.0,0.644444465637207,0.8700000047683716,0.7625088691711426,0.8666666746139526,0.8202279210090637,77.0,0.8999999761581421
127,127.0,0.7777777910232544,0.8600000143051147,0.7678092122077942,0.8888888955116272,0.8207977414131165,77.0,0.8999999761581421
128,128.0,0.7555555701255798,0.8650000095367432,0.7675302028656006,0.8444444537162781,0.8219373226165771,77.0,0.8999999761581421
129,129.0,0.644444465637207,0.8700000047683716,0.7633190155029297,0.9111111164093018,0.8135327696800232,77.0,0.8999999761581421
130,130.0,0.9111111164093018,0.8650000095367432,0.7609760761260986,0.8444444537162781,0.8175213932991028,77.0,0.8999999761581421
131,131.0,0.800000011920929,0.8700000047683716,0.7643685340881348,0.8444444537162781,0.8219373226165771,77.0,0.8999999761581421
132,132.0,0.7555555701255798,0.875,0.7667396664619446,0.8666666746139526,0.8207977414131165,77.0,0.8999999761581421
133,133.0,0.800000011920929,0.8650000095367432,0.7701385617256165,0.9111111164093018,0.8225071430206299,77.0,0.8999999761581421
134,134.0,0.7777777910232544,0.8700000047683716,0.7714954018592834,0.9333333373069763,0.8263532519340515,77.0,0.8999999761581421
135,135.0,0.8222222328186035,0.8650000095367432,0.768966555595398,0.8666666746139526,0.8180911540985107,77.0,0.8999999761581421
136,136.0,0.15555556118488312,0.8650000095367432,0.7443345189094543,0.8888888955116272,0.8037037253379822,77.0,0.8999999761581421
137,137.0,0.7111111283302307,0.8650000095367432,0.7652484774589539,0.8888888955116272,0.8246438503265381,77.0,0.8999999761581421
138,138.0,0.7777777910232544,0.875,0.7695278525352478,0.8666666746139526,0.8263532519340515,77.0,0.8999999761581421
139,139.0,0.800000011920929,0.875,0.7735358476638794,0.8888888955116272,0.8263532519340515,77.0,0.8999999761581421
140,140.0,0.7555555701255798,0.875,0.7746783494949341,0.9111111164093018,0.8269230723381042,77.0,0.8999999761581421
141,141.0,0.7777777910232544,0.875,0.7738843560218811,0.9111111164093018,0.8219373226165771,77.0,0.8999999761581421
142,142.0,0.8222222328186035,0.875,0.7733190059661865,0.8666666746139526,0.8209401965141296,77.0,0.8999999761581421
143,143.0,0.7555555701255798,0.8799999952316284,0.7622666358947754,0.8444444537162781,0.8213675022125244,77.0,0.8999999761581421
144,144.0,0.8666666746139526,0.875,0.7589346170425415,0.8666666746139526,0.8207977414131165,77.0,0.8999999761581421
145,145.0,0.7555555701255798,0.875,0.7637584209442139,0.9111111164093018,0.819088339805603,77.0,0.8999999761581421
146,146.0,0.8222222328186035,0.8799999952316284,0.770783543586731,0.9111111164093018,0.8219373226165771,77.0,0.8999999761581421
147,147.0,0.7555555701255798,0.8700000047683716,0.7698964476585388,0.8888888955116272,0.8257834911346436,77.0,0.8999999761581421
148,148.0,0.7111111283302307,0.8600000143051147,0.7598828673362732,0.9111111164093018,0.8183760643005371,77.0,0.8999999761581421
149,149.0,0.7555555701255798,0.875,0.763893723487854,0.9111111164093018,0.8185185194015503,77.0,0.8999999761581421
150,150.0,0.800000011920929,0.875,0.7667185664176941,0.8888888955116272,0.8202279210090637,77.0,0.8999999761581421
151,151.0,0.7555555701255798,0.875,0.769662082195282,0.8888888955116272,0.8263532519340515,77.0,0.8999999761581421
152,152.0,0.7333333492279053,0.8500000238418579,0.7587301135063171,0.8444444537162781,0.8152421712875366,77.0,0.8999999761581421
153,153.0,0.7777777910232544,0.8650000095367432,0.7601288557052612,0.8222222328186035,0.8263532519340515,77.0,0.8999999761581421
154,154.0,0.8888888955116272,0.8799999952316284,0.7685734033584595,0.8888888955116272,0.8213675022125244,77.0,0.8999999761581421
155,155.0,0.7111111283302307,0.875,0.7655286192893982,0.9111111164093018,0.8240740895271301,77.0,0.8999999761581421
156,156.0,0.7777777910232544,0.8700000047683716,0.7693758010864258,0.8888888955116272,0.8257834911346436,77.0,0.8999999761581421
157,157.0,0.800000011920929,0.8700000047683716,0.7799934148788452,0.9111111164093018,0.8319088220596313,77.0,0.8999999761581421
158,158.0,0.8888888955116272,0.8600000143051147,0.7585564851760864,0.8666666746139526,0.8219373226165771,77.0,0.8999999761581421
159,159.0,0.8888888955116272,0.8600000143051147,0.7567574381828308,0.800000011920929,0.8246438503265381,77.0,0.8999999761581421
160,160.0,0.7555555701255798,0.8650000095367432,0.7599464654922485,0.800000011920929,0.8240740895271301,77.0,0.8999999761581421
161,161.0,0.6888889074325562,0.8650000095367432,0.75838303565979,0.8222222328186035,0.819088339805603,77.0,0.8999999761581421
162,162.0,0.6888889074325562,0.8700000047683716,0.7628987431526184,0.8444444537162781,0.8252136707305908,77.0,0.8999999761581421
163,163.0,0.7777777910232544,0.8799999952316284,0.7708261609077454,0.8666666746139526,0.8374643921852112,77.0,0.8999999761581421
164,164.0,0.7777777910232544,0.8650000095367432,0.7655295729637146,0.8666666746139526,0.8313390016555786,77.0,0.8999999761581421
165,165.0,0.7777777910232544,0.8700000047683716,0.7588717937469482,0.8666666746139526,0.8158119916915894,77.0,0.8999999761581421
166,166.0,0.6666666865348816,0.8799999952316284,0.7573195099830627,0.8666666746139526,0.821794867515564,77.0,0.8999999761581421
167,167.0,0.8666666746139526,0.8550000190734863,0.7594476938247681,0.9111111164093018,0.8207977414131165,77.0,0.8999999761581421
168,168.0,0.6000000238418579,0.8600000143051147,0.7776703238487244,0.9333333373069763,0.8451566696166992,77.0,0.8999999761581421
169,169.0,0.7555555701255798,0.8650000095367432,0.7661476135253906,0.9333333373069763,0.8257834911346436,77.0,0.8999999761581421
170,170.0,0.7777777910232544,0.8700000047683716,0.769641101360321,0.9111111164093018,0.8319088220596313,77.0,0.8999999761581421
171,171.0,0.800000011920929,0.8700000047683716,0.7640800476074219,0.7777777910232544,0.8219373226165771,77.0,0.8999999761581421
172,172.0,0.7555555701255798,0.8349999785423279,0.7446413040161133,0.7777777910232544,0.8189458847045898,77.0,0.8999999761581421
173,173.0,0.7777777910232544,0.8600000143051147,0.7510908246040344,0.7111111283302307,0.8246438503265381,77.0,0.8999999761581421
174,174.0,0.800000011920929,0.875,0.7683464288711548,0.800000011920929,0.833048403263092,77.0,0.8999999761581421
175,175.0,0.800000011920929,0.875,0.7653734087944031,0.8444444537162781,0.833048403263092,77.0,0.8999999761581421
176,176.0,0.8444444537162781,0.8650000095367432,0.7605559825897217,0.8222222328186035,0.827492892742157,77.0,0.8999999761581421
177,177.0,0.800000011920929,0.8700000047683716,0.7763486504554749,0.8888888955116272,0.843019962310791,77.0,0.8999999761581421
178,178.0,0.800000011920929,0.8849999904632568,0.7737371325492859,0.8444444537162781,0.8374643921852112,77.0,0.8999999761581421
179,179.0,0.7333333492279053,0.8700000047683716,0.7713922262191772,0.8444444537162781,0.8225071430206299,77.0,0.8999999761581421
180,180.0,0.7555555701255798,0.8700000047683716,0.770110547542572,0.8888888955116272,0.8269230723381042,77.0,0.8999999761581421
181,181.0,0.7555555701255798,0.875,0.762303352355957,0.8444444537162781,0.8213675022125244,77.0,0.8999999761581421
182,182.0,0.7333333492279053,0.8650000095367432,0.7548686861991882,0.800000011920929,0.8146723508834839,77.0,0.8999999761581421
183,183.0,0.7555555701255798,0.8799999952316284,0.767911434173584,0.8444444537162781,0.8269230723381042,77.0,0.8999999761581421
184,184.0,0.7777777910232544,0.8799999952316284,0.7700179219245911,0.8444444537162781,0.8324786424636841,77.0,0.8999999761581421
185,185.0,0.7111111283302307,0.8650000095367432,0.7637577652931213,0.8666666746139526,0.8313390016555786,77.0,0.8999999761581421
186,186.0,0.7555555701255798,0.875,0.7676551342010498,0.8888888955116272,0.8263532519340515,77.0,0.8999999761581421
187,187.0,0.7555555701255798,0.8849999904632568,0.7756332755088806,0.8444444537162781,0.8286324739456177,77.0,0.8999999761581421
188,188.0,0.7777777910232544,0.875,0.7755576372146606,0.8222222328186035,0.8247863054275513,77.0,0.8999999761581421
189,189.0,0.5333333611488342,0.8650000095367432,0.7520598769187927,0.800000011920929,0.8229344487190247,77.0,0.8999999761581421
190,190.0,0.7777777910232544,0.8550000190734863,0.7550754547119141,0.800000011920929,0.8252136707305908,77.0,0.8999999761581421
191,191.0,0.7555555701255798,0.875,0.7613515853881836,0.800000011920929,0.8307692408561707,77.0,0.8999999761581421
192,192.0,0.7555555701255798,0.875,0.7601379156112671,0.8222222328186035,0.8313390016555786,77.0,0.8999999761581421
193,193.0,0.7777777910232544,0.8700000047683716,0.7595334649085999,0.7777777910232544,0.8263532519340515,77.0,0.8999999761581421
194,194.0,0.7777777910232544,0.875,0.7691454887390137,0.8222222328186035,0.8263532519340515,77.0,0.8999999761581421
195,195.0,0.7555555701255798,0.8849999904632568,0.7681843042373657,0.8666666746139526,0.8257834911346436,77.0,0.8999999761581421
196,196.0,0.7555555701255798,0.875,0.7651179432868958,0.8444444537162781,0.833048403263092,77.0,0.8999999761581421
197,197.0,0.6888889074325562,0.875,0.7643793821334839,0.8666666746139526,0.8257834911346436,77.0,0.8999999761581421
198,198.0,0.7333333492279053,0.8700000047683716,0.7645757794380188,0.8444444537162781,0.8357549905776978,77.0,0.8999999761581421
199,199.0,0.9111111164093018,0.875,0.7700418829917908,0.8444444537162781,0.8336182236671448,77.0,0.8999999761581421
200,200.0,0.6222222447395325,0.875,0.7677578926086426,0.800000011920929,0.8451566696166992,77.0,0.8999999761581421
201,201.0,0.800000011920929,0.8849999904632568,0.7690073251724243,0.8444444537162781,0.8374643921852112,77.0,0.8999999761581421
202,202.0,0.8444444537162781,0.875,0.7663493156433105,0.8444444537162781,0.8269230723381042,77.0,0.8999999761581421
203,203.0,0.7555555701255798,0.8849999904632568,0.7694327235221863,0.8888888955116272,0.8363248109817505,77.0,0.8999999761581421
204,204.0,0.7555555701255798,0.8700000047683716,0.7712982296943665,0.8888888955116272,0.833048403263092,77.0,0.8999999761581421
205,205.0,0.800000011920929,0.8799999952316284,0.7736350893974304,0.8666666746139526,0.8347578644752502,77.0,0.8999999761581421
206,206.0,0.7555555701255798,0.875,0.7601561546325684,0.8222222328186035,0.8313390016555786,77.0,0.8999999761581421
207,207.0,0.800000011920929,0.8849999904632568,0.7629347443580627,0.800000011920929,0.8313390016555786,77.0,0.8999999761581421
208,208.0,0.7777777910232544,0.875,0.767523467540741,0.8888888955116272,0.8313390016555786,77.0,0.8999999761581421
209,209.0,0.7555555701255798,0.8799999952316284,0.7778221368789673,0.8666666746139526,0.843589723110199,77.0,0.8999999761581421
210,210.0,0.7555555701255798,0.8849999904632568,0.7754669785499573,0.8666666746139526,0.833048403263092,77.0,0.8999999761581421
211,211.0,0.7777777910232544,0.8799999952316284,0.7689007520675659,0.8222222328186035,0.827492892742157,77.0,0.8999999761581421
212,212.0,0.7333333492279053,0.8849999904632568,0.7695320844650269,0.8222222328186035,0.8319088220596313,77.0,0.8999999761581421
213,213.0,0.6222222447395325,0.8799999952316284,0.7575486898422241,0.8666666746139526,0.8235042691230774,77.0,0.8999999761581421
214,214.0,0.7333333492279053,0.875,0.7604730725288391,0.800000011920929,0.8246438503265381,77.0,0.8999999761581421
215,215.0,0.7555555701255798,0.8799999952316284,0.7690873146057129,0.800000011920929,0.8269230723381042,77.0,0.8999999761581421
216,216.0,0.7777777910232544,0.8700000047683716,0.7633180022239685,0.8444444537162781,0.8307692408561707,77.0,0.8999999761581421
217,217.0,0.7777777910232544,0.8600000143051147,0.7726914286613464,0.8666666746139526,0.8324786424636841,77.0,0.8999999761581421
218,218.0,0.6222222447395325,0.8700000047683716,0.7620017528533936,0.8222222328186035,0.8246438503265381,77.0,0.8999999761581421
219,219.0,0.7777777910232544,0.875,0.7736757397651672,0.9111111164093018,0.827492892742157,77.0,0.8999999761581421
220,220.0,0.7777777910232544,0.8650000095367432,0.7653782367706299,0.800000011920929,0.8324786424636841,77.0,0.8999999761581421
221,221.0,0.5777778029441833,0.8525000214576721,0.7579444646835327,0.8666666746139526,0.8329060077667236,77.0,0.8999999761581421
222,222.0,0.5777778029441833,0.8650000095367432,0.7660947442054749,0.8666666746139526,0.835185170173645,77.0,0.8999999761581421
223,223.0,0.7555555701255798,0.8700000047683716,0.7713924646377563,0.800000011920929,0.8324786424636841,77.0,0.8999999761581421
224,224.0,0.7777777910232544,0.875,0.7705793380737305,0.8444444537162781,0.8319088220596313,77.0,0.8999999761581421
225,225.0,0.644444465637207,0.8600000143051147,0.7554284334182739,0.8444444537162781,0.8296296000480652,77.0,0.8999999761581421
226,226.0,0.7555555701255798,0.8600000143051147,0.7612565755844116,0.8222222328186035,0.8263532519340515,77.0,0.8999999761581421
227,227.0,0.800000011920929,0.8700000047683716,0.7749197483062744,0.8666666746139526,0.8280626535415649,77.0,0.8999999761581421
228,228.0,0.644444465637207,0.875,0.7634991407394409,0.8888888955116272,0.8240740895271301,77.0,0.8999999761581421
229,229.0,0.8444444537162781,0.8650000095367432,0.7737094759941101,0.8444444537162781,0.8424501419067383,77.0,0.8999999761581421
230,230.0,0.7555555701255798,0.8650000095367432,0.7684530019760132,0.8444444537162781,0.8401709198951721,77.0,0.8999999761581421
231,231.0,0.8888888955116272,0.8700000047683716,0.7666736841201782,0.800000011920929,0.8324786424636841,77.0,0.8999999761581421
232,232.0,0.644444465637207,0.875,0.7628577947616577,0.8222222328186035,0.8301994204521179,77.0,0.8999999761581421
233,233.0,0.7555555701255798,0.8700000047683716,0.7711641192436218,0.8222222328186035,0.8324786424636841,77.0,0.8999999761581421
234,234.0,0.7555555701255798,0.875,0.7702144980430603,0.8222222328186035,0.8319088220596313,77.0,0.8999999761581421
235,235.0,0.7333333492279053,0.8849999904632568,0.7672042846679688,0.8222222328186035,0.8263532519340515,77.0,0.8999999761581421
236,236.0,0.7333333492279053,0.8899999856948853,0.7674471735954285,0.8222222328186035,0.8263532519340515,77.0,0.8999999761581421
237,237.0,0.7555555701255798,0.8799999952316284,0.7706776857376099,0.800000011920929,0.8269230723381042,77.0,0.8999999761581421
238,238.0,0.6222222447395325,0.875,0.7682858109474182,0.8666666746139526,0.8313390016555786,77.0,0.8999999761581421
239,239.0,0.8444444537162781,0.8700000047683716,0.7780052423477173,0.8666666746139526,0.8358974456787109,77.0,0.8999999761581421
240,240.0,0.5777778029441833,0.875,0.7574710845947266,0.8444444537162781,0.8262107968330383,77.0,0.8999999761581421
241,241.0,0.9111111164093018,0.875,0.7716256976127625,0.8444444537162781,0.8386039733886719,77.0,0.8999999761581421
242,242.0,0.800000011920929,0.8799999952316284,0.7789864540100098,0.8444444537162781,0.843019962310791,77.0,0.8999999761581421
243,243.0,0.7777777910232544,0.8774999976158142,0.7809377908706665,0.8666666746139526,0.843019962310791,77.0,0.8999999761581421
244,244.0,0.7777777910232544,0.8799999952316284,0.7762112021446228,0.8222222328186035,0.8380342125892639,77.0,0.8999999761581421
245,245.0,0.6666666865348816,0.8650000095367432,0.7714765667915344,0.8666666746139526,0.8424501419067383,77.0,0.8999999761581421
246,246.0,0.7777777910232544,0.8650000095367432,0.7768186926841736,0.8444444537162781,0.8341880440711975,77.0,0.8999999761581421
247,247.0,0.7777777910232544,0.8650000095367432,0.7757638096809387,0.8444444537162781,0.8424501419067383,77.0,0.8999999761581421
248,248.0,0.7555555701255798,0.8650000095367432,0.7789084315299988,0.8444444537162781,0.8480057120323181,77.0,0.8999999761581421
249,249.0,0.7555555701255798,0.8650000095367432,0.7846038341522217,0.8222222328186035,0.8502848744392395,77.0,0.8999999761581421
250,250.0,0.7111111283302307,0.8700000047683716,0.7727891802787781,0.8666666746139526,0.8368945717811584,77.0,0.8999999761581421
251,251.0,0.7777777910232544,0.8700000047683716,0.7716823220252991,0.8666666746139526,0.8319088220596313,77.0,0.8999999761581421
252,252.0,0.7555555701255798,0.875,0.7700616717338562,0.8444444537162781,0.8263532519340515,77.0,0.8999999761581421
253,253.0,0.7777777910232544,0.8700000047683716,0.7700119018554688,0.8222222328186035,0.8263532519340515,77.0,0.8999999761581421
254,254.0,0.7777777910232544,0.8700000047683716,0.7708446979522705,0.8222222328186035,0.8269230723381042,77.0,0.8999999761581421
255,255.0,0.6000000238418579,0.875,0.761921226978302,0.8444444537162781,0.8334757685661316,77.0,0.8999999761581421
256,256.0,0.7555555701255798,0.8650000095367432,0.7697994112968445,0.8444444537162781,0.8368945717811584,77.0,0.8999999761581421
257,257.0,0.7777777910232544,0.8650000095367432,0.7684991955757141,0.8222222328186035,0.8363248109817505,77.0,0.8999999761581421
258,258.0,0.8444444537162781,0.8650000095367432,0.7725778818130493,0.8444444537162781,0.8380342125892639,77.0,0.8999999761581421
259,259.0,0.7777777910232544,0.875,0.77027827501297,0.800000011920929,0.8368945717811584,77.0,0.8999999761581421
260,260.0,0.7333333492279053,0.8700000047683716,0.7682605981826782,0.8222222328186035,0.8313390016555786,77.0,0.8999999761581421
261,261.0,0.6888889074325562,0.8700000047683716,0.7681347727775574,0.8222222328186035,0.8363248109817505,77.0,0.8999999761581421
262,262.0,0.7111111283302307,0.8700000047683716,0.767978847026825,0.8222222328186035,0.8363248109817505,77.0,0.8999999761581421
263,263.0,0.7777777910232544,0.8650000095367432,0.7719039916992188,0.8222222328186035,0.8368945717811584,77.0,0.8999999761581421
264,264.0,0.7777777910232544,0.8600000143051147,0.7667185664176941,0.8444444537162781,0.8313390016555786,77.0,0.8999999761581421
265,265.0,0.7333333492279053,0.8550000190734863,0.7600024342536926,0.800000011920929,0.835185170173645,77.0,0.8999999761581421
266,266.0,0.7777777910232544,0.8550000190734863,0.7699347138404846,0.8444444537162781,0.8380342125892639,77.0,0.8999999761581421
267,267.0,0.8444444537162781,0.8700000047683716,0.7774112224578857,0.8222222328186035,0.8386039733886719,77.0,0.8999999761581421
268,268.0,0.7777777910232544,0.8700000047683716,0.7774366140365601,0.8666666746139526,0.8424501419067383,77.0,0.8999999761581421
269,269.0,0.7777777910232544,0.8650000095367432,0.7757692337036133,0.8444444537162781,0.833048403263092,77.0,0.8999999761581421
270,270.0,0.6222222447395325,0.8700000047683716,0.7674065828323364,0.8444444537162781,0.8357549905776978,77.0,0.8999999761581421
271,271.0,0.7111111283302307,0.8650000095367432,0.7670100927352905,0.8222222328186035,0.8313390016555786,77.0,0.8999999761581421
272,272.0,0.7555555701255798,0.8650000095367432,0.7679629325866699,0.8444444537162781,0.8313390016555786,77.0,0.8999999761581421
273,273.0,0.7555555701255798,0.8650000095367432,0.7708503603935242,0.8444444537162781,0.8368945717811584,77.0,0.8999999761581421
274,274.0,0.7777777910232544,0.8650000095367432,0.7720873355865479,0.8444444537162781,0.8368945717811584,77.0,0.8999999761581421
275,275.0,0.7777777910232544,0.8650000095367432,0.7721419930458069,0.8444444537162781,0.8368945717811584,77.0,0.8999999761581421
276,276.0,0.7777777910232544,0.8650000095367432,0.7716129422187805,0.8444444537162781,0.8368945717811584,77.0,0.8999999761581421
277,277.0,0.6222222447395325,0.8700000047683716,0.7554163932800293,0.800000011920929,0.8235042691230774,77.0,0.8999999761581421
278,278.0,0.800000011920929,0.8650000095367432,0.7610028386116028,0.7777777910232544,0.8263532519340515,77.0,0.8999999761581421
279,279.0,0.7777777910232544,0.8650000095367432,0.7561254501342773,0.7777777910232544,0.8252136707305908,77.0,0.8999999761581421
280,280.0,0.7555555701255798,0.8799999952316284,0.7558450698852539,0.800000011920929,0.8246438503265381,77.0,0.8999999761581421
281,281.0,0.7777777910232544,0.875,0.7639133930206299,0.8222222328186035,0.8263532519340515,77.0,0.8999999761581421
282,282.0,0.7777777910232544,0.875,0.7705590128898621,0.8222222328186035,0.833048403263092,77.0,0.8999999761581421
283,283.0,0.7111111283302307,0.875,0.7687681913375854,0.8444444537162781,0.8319088220596313,77.0,0.8999999761581421
284,284.0,0.644444465637207,0.875,0.7663747668266296,0.8444444537162781,0.8301994204521179,77.0,0.8999999761581421
285,285.0,0.800000011920929,0.875,0.7716763615608215,0.8444444537162781,0.8280626535415649,77.0,0.8999999761581421
286,286.0,0.7333333492279053,0.8799999952316284,0.7658910155296326,0.8222222328186035,0.8252136707305908,77.0,0.8999999761581421
287,287.0,0.7333333492279053,0.8799999952316284,0.7679181694984436,0.8444444537162781,0.8252136707305908,77.0,0.8999999761581421
288,288.0,0.7555555701255798,0.8799999952316284,0.7707551121711731,0.8444444537162781,0.8263532519340515,77.0,0.8999999761581421
289,289.0,0.7777777910232544,0.875,0.7683387994766235,0.8666666746139526,0.8263532519340515,77.0,0.8999999761581421
290,290.0,0.7333333492279053,0.875,0.7674524784088135,0.8444444537162781,0.8263532519340515,77.0,0.8999999761581421
291,291.0,0.7555555701255798,0.8700000047683716,0.7708228230476379,0.8444444537162781,0.8263532519340515,77.0,0.8999999761581421
292,292.0,0.7555555701255798,0.875,0.7739161849021912,0.8444444537162781,0.8313390016555786,77.0,0.8999999761581421
293,293.0,0.7555555701255798,0.8700000047683716,0.7746655941009521,0.8444444537162781,0.8319088220596313,77.0,0.8999999761581421
294,294.0,0.6222222447395325,0.8700000047683716,0.7602599263191223,0.8444444537162781,0.8240740895271301,77.0,0.8999999761581421
295,295.0,0.800000011920929,0.8600000143051147,0.7677106857299805,0.8444444537162781,0.8303418755531311,77.0,0.8999999761581421
296,296.0,0.7777777910232544,0.8700000047683716,0.767075777053833,0.8222222328186035,0.8324786424636841,77.0,0.8999999761581421
297,297.0,0.7555555701255798,0.8650000095367432,0.7634571194648743,0.8444444537162781,0.8307692408561707,77.0,0.8999999761581421
298,298.0,0.7777777910232544,0.875,0.7674679160118103,0.8666666746139526,0.8307692408561707,77.0,0.8999999761581421
299,299.0,0.7777777910232544,0.8700000047683716,0.7711226940155029,0.8222222328186035,0.8324786424636841,77.0,0.8999999761581421
300,300.0,0.7555555701255798,0.8700000047683716,0.7719355225563049,0.8444444537162781,0.8374643921852112,77.0,0.8999999761581421
301,301.0,0.7555555701255798,0.8899999856948853,0.7711468935012817,0.8444444537162781,0.8319088220596313,77.0,0.8999999761581421
302,302.0,0.7555555701255798,0.8949999809265137,0.769426703453064,0.8444444537162781,0.8263532519340515,77.0,0.8999999761581421
303,303.0,0.7555555701255798,0.8949999809265137,0.7696046233177185,0.8444444537162781,0.8263532519340515,77.0,0.8999999761581421
304,304.0,0.7555555701255798,0.8949999809265137,0.7696729898452759,0.8444444537162781,0.8263532519340515,77.0,0.8999999761581421
305,305.0,0.7555555701255798,0.8949999809265137,0.7698051929473877,0.8444444537162781,0.8263532519340515,77.0,0.8999999761581421
306,306.0,0.7555555701255798,0.8949999809265137,0.7699674367904663,0.8444444537162781,0.8263532519340515,77.0,0.8999999761581421
307,307.0,0.7555555701255798,0.8949999809265137,0.7701437473297119,0.8444444537162781,0.8263532519340515,77.0,0.8999999761581421
308,308.0,0.7555555701255798,0.8949999809265137,0.7702422738075256,0.8444444537162781,0.8263532519340515,77.0,0.8999999761581421
309,309.0,0.7555555701255798,0.8949999809265137,0.7702954411506653,0.8444444537162781,0.8263532519340515,77.0,0.8999999761581421
310,310.0,0.7555555701255798,0.8949999809265137,0.7702438831329346,0.8444444537162781,0.8263532519340515,77.0,0.8999999761581421
311,311.0,0.7555555701255798,0.8949999809265137,0.7703812122344971,0.8444444537162781,0.8263532519340515,77.0,0.8999999761581421
312,312.0,0.7555555701255798,0.8949999809265137,0.7703513503074646,0.8444444537162781,0.8263532519340515,77.0,0.8999999761581421
313,313.0,0.7777777910232544,0.8949999809265137,0.7689181566238403,0.8444444537162781,0.8257834911346436,77.0,0.8999999761581421
314,314.0,0.6888889074325562,0.8799999952316284,0.764052152633667,0.8666666746139526,0.8246438503265381,77.0,0.8999999761581421
315,315.0,0.7777777910232544,0.8700000047683716,0.7730122208595276,0.8444444537162781,0.833048403263092,77.0,0.8999999761581421
316,316.0,0.6666666865348816,0.8650000095367432,0.7776072025299072,0.8888888955116272,0.8524216413497925,77.0,0.8999999761581421
317,317.0,0.7777777910232544,0.8650000095367432,0.774509072303772,0.8666666746139526,0.8368945717811584,77.0,0.8999999761581421
318,318.0,0.7555555701255798,0.875,0.7639387845993042,0.8444444537162781,0.8257834911346436,77.0,0.8999999761581421
319,319.0,0.7555555701255798,0.8700000047683716,0.7642157673835754,0.8222222328186035,0.8263532519340515,77.0,0.8999999761581421
320,320.0,0.7555555701255798,0.8700000047683716,0.7652738094329834,0.8222222328186035,0.8257834911346436,77.0,0.8999999761581421
321,321.0,0.7555555701255798,0.875,0.7660821080207825,0.8222222328186035,0.8257834911346436,77.0,0.8999999761581421
322,322.0,0.7555555701255798,0.875,0.766340434551239,0.8444444537162781,0.8257834911346436,77.0,0.8999999761581421
323,323.0,0.7555555701255798,0.875,0.7664107084274292,0.8444444537162781,0.8257834911346436,77.0,0.8999999761581421
324,324.0,0.7555555701255798,0.875,0.7666897773742676,0.8444444537162781,0.8257834911346436,77.0,0.8999999761581421
325,325.0,0.7777777910232544,0.875,0.766819953918457,0.8444444537162781,0.8257834911346436,77.0,0.8999999761581421
326,326.0,0.7555555701255798,0.875,0.7668198943138123,0.8444444537162781,0.8257834911346436,77.0,0.8999999761581421
327,327.0,0.7555555701255798,0.875,0.7661511898040771,0.8444444537162781,0.8257834911346436,77.0,0.8999999761581421
328,328.0,0.7777777910232544,0.8799999952316284,0.7668185830116272,0.8222222328186035,0.8257834911346436,77.0,0.8999999761581421
329,329.0,0.7777777910232544,0.8899999856948853,0.7692581415176392,0.8222222328186035,0.8313390016555786,77.0,0.8999999761581421
330,330.0,0.7777777910232544,0.875,0.7682287693023682,0.8222222328186035,0.8263532519340515,77.0,0.8999999761581421
331,331.0,0.7777777910232544,0.8650000095367432,0.7651379108428955,0.8222222328186035,0.8263532519340515,77.0,0.8999999761581421
332,332.0,0.800000011920929,0.8650000095367432,0.7675295472145081,0.8888888955116272,0.8324786424636841,77.0,0.8999999761581421
333,333.0,0.7555555701255798,0.8849999904632568,0.7704088091850281,0.8888888955116272,0.8257834911346436,77.0,0.8999999761581421
334,334.0,0.7777777910232544,0.8849999904632568,0.766340970993042,0.8444444537162781,0.8313390016555786,77.0,0.8999999761581421
335,335.0,0.7333333492279053,0.8700000047683716,0.765197217464447,0.8444444537162781,0.8357549905776978,77.0,0.8999999761581421
336,336.0,0.7555555701255798,0.8650000095367432,0.7663400173187256,0.8222222328186035,0.8363248109817505,77.0,0.8999999761581421
337,337.0,0.800000011920929,0.8650000095367432,0.7640207409858704,0.800000011920929,0.8269230723381042,77.0,0.8999999761581421
338,338.0,0.800000011920929,0.8650000095367432,0.765579104423523,0.800000011920929,0.827492892742157,77.0,0.8999999761581421
339,339.0,0.7555555701255798,0.8650000095367432,0.7639562487602234,0.800000011920929,0.8269230723381042,77.0,0.8999999761581421
340,340.0,0.7555555701255798,0.8600000143051147,0.762702226638794,0.800000011920929,0.8257834911346436,77.0,0.8999999761581421
341,341.0,0.7555555701255798,0.875,0.7675113081932068,0.8444444537162781,0.8263532519340515,77.0,0.8999999761581421
342,342.0,0.7333333492279053,0.8700000047683716,0.7666020393371582,0.8666666746139526,0.8257834911346436,77.0,0.8999999761581421
343,343.0,0.7777777910232544,0.8650000095367432,0.7725487947463989,0.800000011920929,0.8269230723381042,77.0,0.8999999761581421
344,344.0,0.7777777910232544,0.8650000095367432,0.7766344547271729,0.8222222328186035,0.833048403263092,77.0,0.8999999761581421
345,345.0,0.7777777910232544,0.8650000095367432,0.780130922794342,0.8222222328186035,0.8386039733886719,77.0,0.8999999761581421
346,346.0,0.7777777910232544,0.8700000047683716,0.7805277705192566,0.8222222328186035,0.8386039733886719,77.0,0.8999999761581421
347,347.0,0.7777777910232544,0.8700000047683716,0.7806705236434937,0.8222222328186035,0.8386039733886719,77.0,0.8999999761581421
348,348.0,0.7777777910232544,0.875,0.780694305896759,0.8222222328186035,0.8386039733886719,77.0,0.8999999761581421
349,349.0,0.7777777910232544,0.875,0.7807360291481018,0.8222222328186035,0.8386039733886719,77.0,0.8999999761581421
350,350.0,0.7777777910232544,0.8799999952316284,0.7806200981140137,0.8222222328186035,0.8386039733886719,77.0,0.8999999761581421
351,351.0,0.7777777910232544,0.8799999952316284,0.7779022455215454,0.8222222328186035,0.833048403263092,77.0,0.8999999761581421
352,352.0,0.7777777910232544,0.8799999952316284,0.7778812050819397,0.8222222328186035,0.833048403263092,77.0,0.8999999761581421
353,353.0,0.7777777910232544,0.8799999952316284,0.7778769135475159,0.8222222328186035,0.833048403263092,77.0,0.8999999761581421
354,354.0,0.7777777910232544,0.8849999904632568,0.7779237627983093,0.8222222328186035,0.833048403263092,77.0,0.8999999761581421
355,355.0,0.7777777910232544,0.8899999856948853,0.7780078053474426,0.8222222328186035,0.833048403263092,77.0,0.8999999761581421
356,356.0,0.7777777910232544,0.8899999856948853,0.7779512405395508,0.8222222328186035,0.833048403263092,77.0,0.8999999761581421
357,357.0,0.7777777910232544,0.8949999809265137,0.7780831456184387,0.8222222328186035,0.833048403263092,77.0,0.8999999761581421
358,358.0,0.7777777910232544,0.8949999809265137,0.7767739295959473,0.8222222328186035,0.827492892742157,77.0,0.8999999761581421
359,359.0,0.7777777910232544,0.8949999809265137,0.7767803072929382,0.8222222328186035,0.827492892742157,77.0,0.8999999761581421
360,360.0,0.800000011920929,0.8700000047683716,0.7860110402107239,0.8222222328186035,0.8425925970077515,77.0,0.8999999761581421
361,361.0,0.6222222447395325,0.8700000047683716,0.7573232054710388,0.7777777910232544,0.8290598392486572,77.0,0.8999999761581421
362,362.0,0.7555555701255798,0.8799999952316284,0.7571590542793274,0.7777777910232544,0.8246438503265381,77.0,0.8999999761581421
363,363.0,0.8444444537162781,0.8799999952316284,0.7679635882377625,0.8444444537162781,0.827492892742157,77.0,0.8999999761581421
364,364.0,0.7777777910232544,0.8799999952316284,0.7669253349304199,0.8222222328186035,0.8307692408561707,77.0,0.8999999761581421
365,365.0,0.7555555701255798,0.875,0.7682202458381653,0.8222222328186035,0.8313390016555786,77.0,0.8999999761581421
366,366.0,0.7555555701255798,0.8700000047683716,0.7693008184432983,0.8222222328186035,0.8319088220596313,77.0,0.8999999761581421
367,367.0,0.7555555701255798,0.8700000047683716,0.769874095916748,0.8222222328186035,0.8319088220596313,77.0,0.8999999761581421
368,368.0,0.7777777910232544,0.8700000047683716,0.7729449272155762,0.8222222328186035,0.8374643921852112,77.0,0.8999999761581421
369,369.0,0.7777777910232544,0.8700000047683716,0.7733065485954285,0.8222222328186035,0.8374643921852112,77.0,0.8999999761581421
370,370.0,0.7777777910232544,0.8700000047683716,0.7732994556427002,0.8222222328186035,0.8374643921852112,77.0,0.8999999761581421
371,371.0,0.7777777910232544,0.8700000047683716,0.7738350629806519,0.8444444537162781,0.8374643921852112,77.0,0.8999999761581421
372,372.0,0.7777777910232544,0.8700000047683716,0.7737894058227539,0.8444444537162781,0.8374643921852112,77.0,0.8999999761581421
373,373.0,0.7777777910232544,0.8700000047683716,0.7740366458892822,0.8444444537162781,0.8374643921852112,77.0,0.8999999761581421
374,374.0,0.7777777910232544,0.8700000047683716,0.7743291854858398,0.8444444537162781,0.8374643921852112,77.0,0.8999999761581421
375,375.0,0.7777777910232544,0.8700000047683716,0.7744832634925842,0.8444444537162781,0.8374643921852112,77.0,0.8999999761581421
376,376.0,0.7777777910232544,0.8700000047683716,0.7746495008468628,0.8444444537162781,0.8374643921852112,77.0,0.8999999761581421
377,377.0,0.7777777910232544,0.8700000047683716,0.7751907706260681,0.8444444537162781,0.8374643921852112,77.0,0.8999999761581421
378,378.0,0.7777777910232544,0.8700000047683716,0.7753037810325623,0.8444444537162781,0.8374643921852112,77.0,0.8999999761581421
379,379.0,0.7777777910232544,0.8700000047683716,0.7753310799598694,0.8444444537162781,0.8374643921852112,77.0,0.8999999761581421
380,380.0,0.7777777910232544,0.8700000047683716,0.775367796421051,0.8444444537162781,0.8374643921852112,77.0,0.8999999761581421
381,381.0,0.7777777910232544,0.8700000047683716,0.7755998969078064,0.8444444537162781,0.8374643921852112,77.0,0.8999999761581421
382,382.0,0.7777777910232544,0.8700000047683716,0.775763988494873,0.8444444537162781,0.8374643921852112,77.0,0.8999999761581421
383,383.0,0.7777777910232544,0.875,0.7759968042373657,0.8444444537162781,0.8374643921852112,77.0,0.8999999761581421
384,384.0,0.7777777910232544,0.8849999904632568,0.7761016488075256,0.8444444537162781,0.8374643921852112,77.0,0.8999999761581421
385,385.0,0.7777777910232544,0.8849999904632568,0.7762466073036194,0.8444444537162781,0.8374643921852112,77.0,0.8999999761581421
386,386.0,0.7777777910232544,0.8849999904632568,0.776393473148346,0.8444444537162781,0.8374643921852112,77.0,0.8999999761581421
387,387.0,0.7777777910232544,0.8849999904632568,0.776593029499054,0.8444444537162781,0.8374643921852112,77.0,0.8999999761581421
388,388.0,0.7777777910232544,0.8849999904632568,0.7766867876052856,0.8444444537162781,0.8374643921852112,77.0,0.8999999761581421
389,389.0,0.7777777910232544,0.8849999904632568,0.7767357230186462,0.8444444537162781,0.8374643921852112,77.0,0.8999999761581421
390,390.0,0.7777777910232544,0.8849999904632568,0.7761732339859009,0.8444444537162781,0.8374643921852112,77.0,0.8999999761581421
391,391.0,0.644444465637207,0.8650000095367432,0.7678036093711853,0.8666666746139526,0.8357549905776978,77.0,0.8999999761581421
392,392.0,0.800000011920929,0.8600000143051147,0.7729080319404602,0.8444444537162781,0.8336182236671448,77.0,0.8999999761581421
393,393.0,0.7111111283302307,0.8799999952316284,0.7691380381584167,0.8666666746139526,0.8307692408561707,77.0,0.8999999761581421
394,394.0,0.800000011920929,0.8799999952316284,0.7775323987007141,0.8666666746139526,0.8341880440711975,77.0,0.8999999761581421
395,395.0,0.7555555701255798,0.875,0.772307276725769,0.8444444537162781,0.827492892742157,77.0,0.8999999761581421
396,396.0,0.7777777910232544,0.8899999856948853,0.7796377539634705,0.8666666746139526,0.8393162488937378,77.0,0.8999999761581421
397,397.0,0.7777777910232544,0.8899999856948853,0.7760679125785828,0.8444444537162781,0.8376068472862244,77.0,0.8999999761581421
398,398.0,0.7777777910232544,0.875,0.7724984288215637,0.8444444537162781,0.8303418755531311,77.0,0.8999999761581421
399,399.0,0.7777777910232544,0.8799999952316284,0.7690027356147766,0.8444444537162781,0.8313390016555786,77.0,0.8999999761581421
400,400.0,0.7555555701255798,0.8799999952316284,0.7679821252822876,0.8444444537162781,0.8313390016555786,77.0,0.8999999761581421
