epoch,best_auc_TOTAL_vs_self/epoch,best_auc_TOTAL_vs_self/acc_yinda_level0,best_auc_TOTAL_vs_self/auc_yinda_level0,best_auc_TOTAL_vs_self/mean_average_precision_at_r_level0,best_auc_TOTAL_vs_self/precision_at_1_level0,best_auc_TOTAL_vs_self/r_precision_level0,best_auc_TOTAL_vs_self/best_epoch,best_auc_TOTAL_vs_self/best_accuracy
1,1.0,0.6616379022598267,0.2658872604370117,0.48404666781425476,0.767241358757019,0.6435223817825317,1.0,0.2658872604370117
2,2.0,0.6616379022598267,0.2233033925294876,0.504595160484314,0.7995689511299133,0.6571661233901978,1.0,0.2658872604370117
3,3.0,0.6616379022598267,0.19133177399635315,0.5214705467224121,0.7844827771186829,0.6681451797485352,1.0,0.2658872604370117
4,4.0,0.6616379022598267,0.16602003574371338,0.5335512757301331,0.7737069129943848,0.6764979362487793,1.0,0.2658872604370117
5,5.0,0.6616379022598267,0.14613373577594757,0.5403731465339661,0.7737069129943848,0.6809396743774414,1.0,0.2658872604370117
6,6.0,0.6616379022598267,0.1324508786201477,0.5443711876869202,0.7758620977401733,0.6841542720794678,1.0,0.2658872604370117
7,7.0,0.6616379022598267,0.1221083402633667,0.5474103689193726,0.7715517282485962,0.6872342824935913,1.0,0.2658872604370117
8,8.0,0.6616379022598267,0.11701487749814987,0.5470797419548035,0.7758620977401733,0.6875211000442505,1.0,0.2658872604370117
9,9.0,0.6616379022598267,0.11461856216192245,0.5450859665870667,0.7737069129943848,0.6865906119346619,1.0,0.2658872604370117
10,10.0,0.6616379022598267,0.1162368506193161,0.5424274206161499,0.7801724076271057,0.6847326159477234,1.0,0.2658872604370117
11,11.0,0.6616379022598267,0.11836345493793488,0.543267011642456,0.7866379022598267,0.6856555342674255,1.0,0.2658872604370117
12,12.0,0.6616379022598267,0.11822859197854996,0.5557302832603455,0.7693965435028076,0.6951593160629272,1.0,0.2658872604370117
13,13.0,0.6616379022598267,0.12171414494514465,0.56496262550354,0.767241358757019,0.7013569474220276,1.0,0.2658872604370117
14,14.0,0.6616379022598267,0.13149650394916534,0.5752915740013123,0.7823275923728943,0.7078538537025452,1.0,0.2658872604370117
15,15.0,0.6616379022598267,0.15304259955883026,0.5876359939575195,0.7801724076271057,0.7166977524757385,1.0,0.2658872604370117
16,16.0,0.6616379022598267,0.20228634774684906,0.5998916625976562,0.7823275923728943,0.7254338264465332,1.0,0.2658872604370117
17,17.0,0.6616379022598267,0.2840930223464966,0.6099358797073364,0.8017241358757019,0.7332356572151184,17.0,0.2840930223464966
18,18.0,0.6616379022598267,0.395495742559433,0.6152744293212891,0.8103448152542114,0.7370681762695312,18.0,0.395495742559433
19,19.0,0.6616379022598267,0.5377705097198486,0.6198939681053162,0.806034505367279,0.7396469712257385,19.0,0.5377705097198486
20,20.0,0.6616379022598267,0.6538724899291992,0.6222846508026123,0.8081896305084229,0.7407273054122925,20.0,0.6538724899291992
21,21.0,0.6616379022598267,0.7269860506057739,0.6247460246086121,0.818965494632721,0.7421719431877136,21.0,0.7269860506057739
22,22.0,0.6616379022598267,0.7742795348167419,0.62579345703125,0.8232758641242981,0.7426310777664185,22.0,0.7742795348167419
23,23.0,0.6616379022598267,0.8091557621955872,0.6318805813789368,0.818965494632721,0.7472155690193176,23.0,0.8091557621955872
24,24.0,0.6616379022598267,0.8346230983734131,0.6362062096595764,0.8275862336158752,0.7504634857177734,24.0,0.8346230983734131
25,25.0,0.6616379022598267,0.8551629781723022,0.6406617164611816,0.818965494632721,0.7522190809249878,25.0,0.8551629781723022
26,26.0,0.6616379022598267,0.8677773475646973,0.6438411474227905,0.8340517282485962,0.7535862922668457,26.0,0.8677773475646973
27,27.0,0.6616379022598267,0.8789808750152588,0.6454786658287048,0.8362069129943848,0.7553050518035889,27.0,0.8789808750152588
28,28.0,0.6616379022598267,0.8870515823364258,0.6474208831787109,0.8405172228813171,0.75620436668396,28.0,0.8870515823364258
29,29.0,0.6616379022598267,0.8926118612289429,0.6501362919807434,0.8254310488700867,0.7573350667953491,29.0,0.8926118612289429
30,30.0,0.6616379022598267,0.8997282385826111,0.6550001502037048,0.829741358757019,0.7612304091453552,30.0,0.8997282385826111
31,31.0,0.6616379022598267,0.9051017761230469,0.6595396399497986,0.8383620977401733,0.7651132941246033,31.0,0.9051017761230469
32,32.0,0.6616379022598267,0.9087740182876587,0.6642915606498718,0.8362069129943848,0.7688060402870178,32.0,0.9087740182876587
33,33.0,0.6616379022598267,0.9119691252708435,0.6628724932670593,0.829741358757019,0.7673142552375793,33.0,0.9119691252708435
34,34.0,0.6616379022598267,0.9153094291687012,0.6607552170753479,0.8362069129943848,0.7650918960571289,34.0,0.9153094291687012
35,35.0,0.6616379022598267,0.9169692397117615,0.6693864464759827,0.8448275923728943,0.771763801574707,35.0,0.9169692397117615
36,36.0,0.6616379022598267,0.9165127873420715,0.6736048460006714,0.8426724076271057,0.7752457857131958,35.0,0.9169692397117615
37,37.0,0.6616379022598267,0.9207659959793091,0.6686761975288391,0.8318965435028076,0.7709113359451294,37.0,0.9207659959793091
38,38.0,0.6616379022598267,0.9229029417037964,0.6725823879241943,0.8275862336158752,0.7740343809127808,38.0,0.9229029417037964
39,39.0,0.6616379022598267,0.9216062426567078,0.6830354332923889,0.8405172228813171,0.7816593050956726,38.0,0.9229029417037964
40,40.0,0.6616379022598267,0.923504650592804,0.6843845844268799,0.8405172228813171,0.7829844951629639,40.0,0.923504650592804
41,41.0,0.6616379022598267,0.926347017288208,0.6718381643295288,0.829741358757019,0.7732661366462708,41.0,0.926347017288208
42,42.0,0.6616379022598267,0.9269382953643799,0.6797233819961548,0.8232758641242981,0.7793413400650024,42.0,0.9269382953643799
43,43.0,0.6616379022598267,0.9282972812652588,0.6892312169075012,0.829741358757019,0.7864003777503967,43.0,0.9282972812652588
44,44.0,0.6616379022598267,0.9301645159721375,0.6883745789527893,0.8383620977401733,0.7851775884628296,44.0,0.9301645159721375
45,45.0,0.6616379022598267,0.9312641620635986,0.6910734176635742,0.8405172228813171,0.7866753339767456,45.0,0.9312641620635986
46,46.0,0.6616379022598267,0.9321977496147156,0.6924328207969666,0.8383620977401733,0.7875090837478638,46.0,0.9321977496147156
47,47.0,0.6616379022598267,0.9318658113479614,0.6988324522972107,0.8405172228813171,0.7930229902267456,46.0,0.9321977496147156
48,48.0,0.6616379022598267,0.9334944486618042,0.6966723203659058,0.8405172228813171,0.7907220721244812,48.0,0.9334944486618042
49,49.0,0.6616379022598267,0.9340443015098572,0.6952936053276062,0.8426724076271057,0.7890325784683228,49.0,0.9340443015098572
50,50.0,0.6616379022598267,0.934293270111084,0.7011440396308899,0.8448275923728943,0.7936902046203613,50.0,0.934293270111084
51,51.0,0.6616379022598267,0.9349364042282104,0.7012033462524414,0.8512930870056152,0.793513834476471,51.0,0.9349364042282104
52,52.0,0.6616379022598267,0.9358285665512085,0.7076395750045776,0.8362069129943848,0.798518717288971,52.0,0.9358285665512085
53,53.0,0.6616379022598267,0.9376750588417053,0.7042245864868164,0.8469827771186829,0.7953304052352905,53.0,0.9376750588417053
54,54.0,0.6616379022598267,0.9397808909416199,0.7051609754562378,0.8512930870056152,0.7957034111022949,54.0,0.9397808909416199
55,55.0,0.6616379022598267,0.9400298595428467,0.7088833451271057,0.857758641242981,0.7986845374107361,55.0,0.9400298595428467
56,56.0,0.6616379022598267,0.9398950338363647,0.7098874449729919,0.8534482717514038,0.7985965013504028,55.0,0.9400298595428467
57,57.0,0.6616379022598267,0.9399365186691284,0.7120367288589478,0.8620689511299133,0.8004127740859985,55.0,0.9400298595428467
58,58.0,0.6681034564971924,0.9407249093055725,0.707956850528717,0.8793103694915771,0.796196699142456,58.0,0.9407249093055725
59,59.0,0.7413793206214905,0.9417415261268616,0.7003077864646912,0.8706896305084229,0.7895811200141907,59.0,0.9417415261268616
60,60.0,0.6616379022598267,0.94338059425354,0.7222254872322083,0.8857758641242981,0.8076213598251343,60.0,0.94338059425354
61,61.0,0.75,0.944314181804657,0.7073953151702881,0.8879310488700867,0.7947821021080017,61.0,0.944314181804657
62,62.0,0.6659482717514038,0.9444905519485474,0.724425196647644,0.8836206793785095,0.8088465332984924,62.0,0.9444905519485474
63,63.0,0.681034505367279,0.9454967975616455,0.7184938788414001,0.8900862336158752,0.803392231464386,63.0,0.9454967975616455
64,64.0,0.6616379022598267,0.9469491243362427,0.729440450668335,0.868534505367279,0.8120587468147278,64.0,0.9469491243362427
65,65.0,0.6681034564971924,0.947841227054596,0.725183367729187,0.8663793206214905,0.8077110052108765,65.0,0.947841227054596
66,66.0,0.7198275923728943,0.94748854637146,0.7259049415588379,0.8771551847457886,0.8079279661178589,65.0,0.947841227054596
67,67.0,0.7219827771186829,0.9474055767059326,0.7281768918037415,0.875,0.810104250907898,65.0,0.947841227054596
68,68.0,0.7155172228813171,0.947613000869751,0.7314663529396057,0.8642241358757019,0.8125853538513184,65.0,0.947841227054596
69,69.0,0.7866379022598267,0.9491068124771118,0.730299711227417,0.8663793206214905,0.8115418553352356,69.0,0.9491068124771118
70,70.0,0.670258641242981,0.9499367475509644,0.7394431829452515,0.8620689511299133,0.8184619545936584,70.0,0.9499367475509644
71,71.0,0.9116379022598267,0.9507355093955994,0.7255817651748657,0.8771551847457886,0.8066895008087158,71.0,0.9507355093955994
72,72.0,0.7112069129943848,0.9496669769287109,0.740408718585968,0.8620689511299133,0.8191388845443726,71.0,0.9507355093955994
73,73.0,0.857758641242981,0.9509948492050171,0.7404460906982422,0.857758641242981,0.8187320232391357,73.0,0.9509948492050171
74,74.0,0.8534482717514038,0.9518662095069885,0.7405175566673279,0.8706896305084229,0.8182406425476074,74.0,0.9518662095069885
75,75.0,0.6982758641242981,0.9521151781082153,0.745648205280304,0.8663793206214905,0.8220828771591187,75.0,0.9521151781082153
76,76.0,0.7543103694915771,0.9525716304779053,0.7450713515281677,0.8663793206214905,0.8216044902801514,76.0,0.9525716304779053
77,77.0,0.8599137663841248,0.9530280828475952,0.7427946925163269,0.8943965435028076,0.8195763826370239,77.0,0.9530280828475952
78,78.0,0.8017241358757019,0.9528620839118958,0.7527289986610413,0.875,0.8271459937095642,77.0,0.9530280828475952
79,79.0,0.875,0.9545011520385742,0.7374765276908875,0.8793103694915771,0.8154553771018982,79.0,0.9545011520385742
80,80.0,0.7176724076271057,0.9544804096221924,0.753206193447113,0.8728448152542114,0.8270338773727417,79.0,0.9545011520385742
81,81.0,0.8793103694915771,0.9550820589065552,0.7428417205810547,0.9051724076271057,0.8193883895874023,81.0,0.9550820589065552
82,82.0,0.829741358757019,0.954750120639801,0.7596039772033691,0.8556034564971924,0.8325623869895935,81.0,0.9550820589065552
83,83.0,0.9116379022598267,0.9552688002586365,0.7506747245788574,0.8836206793785095,0.826288104057312,83.0,0.9552688002586365
84,84.0,0.9137930870056152,0.9561090469360352,0.7534962892532349,0.9008620977401733,0.8278996348381042,84.0,0.9561090469360352
85,85.0,0.8943965435028076,0.9563269019126892,0.7618754506111145,0.875,0.8343169093132019,85.0,0.9563269019126892
86,86.0,0.670258641242981,0.9567626118659973,0.754793107509613,0.8642241358757019,0.827328622341156,86.0,0.9567626118659973
87,87.0,0.6012930870056152,0.9575924873352051,0.740018904209137,0.8900862336158752,0.8172735571861267,87.0,0.9575924873352051
88,88.0,0.8125,0.9574057459831238,0.7558522820472717,0.8836206793785095,0.8289092183113098,87.0,0.9575924873352051
89,89.0,0.8642241358757019,0.9576132297515869,0.7690516710281372,0.8706896305084229,0.8387578129768372,89.0,0.9576132297515869
90,90.0,0.9224137663841248,0.9585468769073486,0.7669817209243774,0.8900862336158752,0.837311327457428,90.0,0.9585468769073486
91,91.0,0.9094827771186829,0.958858072757721,0.7582414150238037,0.8900862336158752,0.8307902812957764,91.0,0.958858072757721
92,92.0,0.920258641242981,0.9584638476371765,0.7602484822273254,0.8857758641242981,0.8326274156570435,91.0,0.958858072757721
93,93.0,0.8512930870056152,0.9601444005966187,0.7449520230293274,0.8900862336158752,0.8210429549217224,93.0,0.9601444005966187
94,94.0,0.6637930870056152,0.9606838226318359,0.7696253657341003,0.8728448152542114,0.8385048508644104,94.0,0.9606838226318359
95,95.0,0.9030172228813171,0.9614514708518982,0.7719171047210693,0.8900862336158752,0.8408710360527039,95.0,0.9614514708518982
96,96.0,0.8081896305084229,0.9615967273712158,0.765375554561615,0.892241358757019,0.8354814648628235,96.0,0.9615967273712158
97,97.0,0.875,0.9621776342391968,0.7809428572654724,0.8857758641242981,0.8470025062561035,97.0,0.9621776342391968
98,98.0,0.8857758641242981,0.9623643755912781,0.7842188477516174,0.8857758641242981,0.8496241569519043,98.0,0.9623643755912781
99,99.0,0.7370689511299133,0.962820827960968,0.7833074331283569,0.8771551847457886,0.8476678133010864,99.0,0.962820827960968
100,100.0,0.9245689511299133,0.9632357358932495,0.7768088579177856,0.8900862336158752,0.8444467186927795,100.0,0.9632357358932495
101,101.0,0.8706896305084229,0.963629961013794,0.7794946432113647,0.8836206793785095,0.8466005325317383,101.0,0.963629961013794
102,102.0,0.9159482717514038,0.9640241265296936,0.7840203642845154,0.8879310488700867,0.8495846390724182,102.0,0.9640241265296936
103,103.0,0.931034505367279,0.963401734828949,0.7914741635322571,0.8836206793785095,0.854971170425415,102.0,0.9640241265296936
104,104.0,0.8038793206214905,0.9631320238113403,0.7960637807846069,0.9116379022598267,0.8563597798347473,102.0,0.9640241265296936
105,105.0,0.9331896305084229,0.9609327912330627,0.7640101313591003,0.8900862336158752,0.8356637954711914,102.0,0.9640241265296936
106,106.0,0.9181034564971924,0.9631320238113403,0.7800142168998718,0.8987069129943848,0.8468080163002014,102.0,0.9640241265296936
107,107.0,0.8965517282485962,0.9635469913482666,0.7837485671043396,0.8771551847457886,0.8491227626800537,102.0,0.9640241265296936
108,108.0,0.8728448152542114,0.9641382694244385,0.784376323223114,0.8965517282485962,0.8490905165672302,108.0,0.9641382694244385
109,109.0,0.8900862336158752,0.9636507034301758,0.7861535549163818,0.9094827771186829,0.8508149981498718,108.0,0.9641382694244385
110,110.0,0.9137930870056152,0.9639826416969299,0.7925212979316711,0.9030172228813171,0.8555232882499695,108.0,0.9641382694244385
111,111.0,0.8943965435028076,0.9646050930023193,0.7976665496826172,0.9051724076271057,0.8592918515205383,111.0,0.9646050930023193
112,112.0,0.6659482717514038,0.9649370312690735,0.7744045257568359,0.9051724076271057,0.8414331078529358,112.0,0.9649370312690735
113,113.0,0.8943965435028076,0.9654971957206726,0.7909184694290161,0.8943965435028076,0.8540794253349304,113.0,0.9654971957206726
114,114.0,0.8857758641242981,0.9657461643218994,0.7986254096031189,0.8879310488700867,0.8599016070365906,114.0,0.9657461643218994
115,115.0,0.8857758641242981,0.9649888873100281,0.8042750358581543,0.8879310488700867,0.8639952540397644,114.0,0.9657461643218994
116,116.0,0.9267241358757019,0.9650511145591736,0.7975916266441345,0.9008620977401733,0.8598910570144653,114.0,0.9657461643218994
117,117.0,0.931034505367279,0.9648955464363098,0.7873512506484985,0.9094827771186829,0.852156937122345,114.0,0.9657461643218994
118,118.0,0.8879310488700867,0.9681528806686401,0.8041592836380005,0.8987069129943848,0.8644107580184937,118.0,0.9681528806686401
119,119.0,0.9116379022598267,0.9686093330383301,0.8075670599937439,0.8943965435028076,0.8661317229270935,119.0,0.9686093330383301
120,120.0,0.8448275923728943,0.966825008392334,0.7972275614738464,0.8943965435028076,0.8594516515731812,119.0,0.9686093330383301
121,121.0,0.9267241358757019,0.9663686156272888,0.8034870028495789,0.8987069129943848,0.8637893795967102,119.0,0.9686093330383301
122,122.0,0.9375,0.9676549434661865,0.8047035336494446,0.9137930870056152,0.8640903234481812,119.0,0.9686093330383301
123,123.0,0.9137930870056152,0.9689620137214661,0.8123704195022583,0.9094827771186829,0.8687552809715271,123.0,0.9689620137214661
124,124.0,0.7370689511299133,0.9674059748649597,0.792069137096405,0.9051724076271057,0.8534442186355591,123.0,0.9689620137214661
125,125.0,0.9331896305084229,0.9659536480903625,0.797275722026825,0.9008620977401733,0.8604333400726318,123.0,0.9689620137214661
126,126.0,0.7155172228813171,0.9665138125419617,0.791411280632019,0.8965517282485962,0.8557337522506714,123.0,0.9689620137214661
127,127.0,0.8836206793785095,0.968173623085022,0.799422562122345,0.9030172228813171,0.8609626889228821,123.0,0.9689620137214661
128,128.0,0.9267241358757019,0.9685885310173035,0.8144516348838806,0.9094827771186829,0.8710315227508545,123.0,0.9689620137214661
129,129.0,0.75,0.9685470461845398,0.7852319478988647,0.8965517282485962,0.8503899574279785,123.0,0.9689620137214661
130,130.0,0.8426724076271057,0.9690449833869934,0.8020617961883545,0.8965517282485962,0.8631229996681213,130.0,0.9690449833869934
131,131.0,0.9353448152542114,0.9687130451202393,0.8027474284172058,0.9030172228813171,0.8638172745704651,130.0,0.9690449833869934
132,132.0,0.9267241358757019,0.9687545299530029,0.8015050888061523,0.9030172228813171,0.8629184365272522,130.0,0.9690449833869934
133,133.0,0.9137930870056152,0.9699786305427551,0.8115310072898865,0.9181034564971924,0.869603157043457,133.0,0.9699786305427551
134,134.0,0.9116379022598267,0.9684848189353943,0.8061176538467407,0.9137930870056152,0.8656782507896423,133.0,0.9699786305427551
135,135.0,0.9224137663841248,0.9691072702407837,0.8156384229660034,0.9137930870056152,0.8705401420593262,133.0,0.9699786305427551
136,136.0,0.35991379618644714,0.9666798114776611,0.7841060757637024,0.8879310488700867,0.8483068346977234,133.0,0.9699786305427551
137,137.0,0.8168103694915771,0.9667212963104248,0.7993790507316589,0.892241358757019,0.8609174489974976,133.0,0.9699786305427551
138,138.0,0.9396551847457886,0.9674267172813416,0.8054525256156921,0.8943965435028076,0.8662495613098145,133.0,0.9699786305427551
139,139.0,0.9418103694915771,0.9677897691726685,0.8087297081947327,0.8987069129943848,0.8688427805900574,133.0,0.9699786305427551
140,140.0,0.9331896305084229,0.9687337875366211,0.8104618191719055,0.9008620977401733,0.8693791031837463,133.0,0.9699786305427551
141,141.0,0.9375,0.9690034985542297,0.8174847364425659,0.9030172228813171,0.8735862374305725,133.0,0.9699786305427551
142,142.0,0.9116379022598267,0.9702483415603638,0.8141887784004211,0.9137930870056152,0.8691434264183044,142.0,0.9702483415603638
143,143.0,0.9288793206214905,0.9703105688095093,0.8117148280143738,0.892241358757019,0.8693108558654785,143.0,0.9703105688095093
144,144.0,0.8879310488700867,0.9701238870620728,0.810029149055481,0.8965517282485962,0.868742823600769,143.0,0.9703105688095093
145,145.0,0.9073275923728943,0.9699786305427551,0.8049271702766418,0.8965517282485962,0.8642637133598328,143.0,0.9703105688095093
146,146.0,0.9245689511299133,0.9709745049476624,0.8187997341156006,0.9073275923728943,0.8747819662094116,146.0,0.9709745049476624
147,147.0,0.881465494632721,0.9711508750915527,0.8102921843528748,0.892241358757019,0.8680980801582336,147.0,0.9711508750915527
148,148.0,0.8448275923728943,0.9700823426246643,0.7948631644248962,0.9159482717514038,0.8573160171508789,147.0,0.9711508750915527
149,149.0,0.920258641242981,0.9709952473640442,0.8054802417755127,0.9181034564971924,0.8642252087593079,147.0,0.9711508750915527
150,150.0,0.9288793206214905,0.9718874096870422,0.8110929727554321,0.9181034564971924,0.8672992587089539,150.0,0.9718874096870422
151,151.0,0.931034505367279,0.9718043804168701,0.8209362626075745,0.9137930870056152,0.8745326995849609,150.0,0.9718874096870422
152,152.0,0.9159482717514038,0.971472442150116,0.8233597278594971,0.920258641242981,0.8754222989082336,150.0,0.9718874096870422
153,153.0,0.931034505367279,0.970787763595581,0.8215788006782532,0.9116379022598267,0.8765267133712769,150.0,0.9718874096870422
154,154.0,0.8081896305084229,0.9725720286369324,0.8082223534584045,0.9181034564971924,0.8666166067123413,154.0,0.9725720286369324
155,155.0,0.8879310488700867,0.9714931845664978,0.8022081255912781,0.9116379022598267,0.8620188236236572,154.0,0.9725720286369324
156,156.0,0.9353448152542114,0.9725512862205505,0.8172730207443237,0.9073275923728943,0.8730902671813965,154.0,0.9725720286369324
157,157.0,0.9267241358757019,0.9736924171447754,0.8260130286216736,0.9159482717514038,0.8772464394569397,157.0,0.9736924171447754
158,158.0,0.6659482717514038,0.9731944799423218,0.7782748937606812,0.920258641242981,0.8452604413032532,157.0,0.9736924171447754
159,159.0,0.9051724076271057,0.9724475741386414,0.8041293025016785,0.9116379022598267,0.8656224608421326,157.0,0.9736924171447754
160,160.0,0.8965517282485962,0.972841739654541,0.8095705509185791,0.9094827771186829,0.8684751391410828,157.0,0.9736924171447754
161,161.0,0.8534482717514038,0.9737753868103027,0.8117942810058594,0.9181034564971924,0.8692642450332642,161.0,0.9737753868103027
162,162.0,0.8469827771186829,0.9738790988922119,0.8126130700111389,0.9073275923728943,0.8694134950637817,162.0,0.9738790988922119
163,163.0,0.9137930870056152,0.9740036129951477,0.8147563934326172,0.9094827771186829,0.8708394765853882,163.0,0.9740036129951477
164,164.0,0.9267241358757019,0.9739828705787659,0.8189699649810791,0.9073275923728943,0.8740283250808716,163.0,0.9740036129951477
165,165.0,0.9353448152542114,0.974418580532074,0.8264325857162476,0.9094827771186829,0.8784556984901428,165.0,0.974418580532074
166,166.0,0.8491379022598267,0.9727380275726318,0.8110429048538208,0.8987069129943848,0.8696632385253906,165.0,0.974418580532074
167,167.0,0.8900862336158752,0.9689412713050842,0.810883641242981,0.892241358757019,0.870202898979187,165.0,0.974418580532074
168,168.0,0.7737069129943848,0.9684848189353943,0.8059884309768677,0.8943965435028076,0.8656333088874817,165.0,0.974418580532074
169,169.0,0.9267241358757019,0.9703313112258911,0.8169691562652588,0.8879310488700867,0.8739649653434753,165.0,0.974418580532074
170,170.0,0.9288793206214905,0.9713064432144165,0.8271239399909973,0.9030172228813171,0.8813113570213318,165.0,0.974418580532074
171,171.0,0.9051724076271057,0.9720740914344788,0.8082118630409241,0.9159482717514038,0.8638600707054138,165.0,0.974418580532074
172,172.0,0.9288793206214905,0.9703935980796814,0.7864398956298828,0.9181034564971924,0.8506205081939697,165.0,0.974418580532074
173,173.0,0.931034505367279,0.9708499908447266,0.8007021546363831,0.920258641242981,0.8617777824401855,165.0,0.974418580532074
174,174.0,0.9353448152542114,0.9717214107513428,0.8116888403892517,0.9137930870056152,0.8690659403800964,165.0,0.974418580532074
175,175.0,0.9375,0.9733811616897583,0.8211960196495056,0.9116379022598267,0.8756016492843628,165.0,0.974418580532074
176,176.0,0.9245689511299133,0.97271728515625,0.8160815834999084,0.9073275923728943,0.872836172580719,165.0,0.974418580532074
177,177.0,0.9353448152542114,0.9702483415603638,0.8153480291366577,0.8965517282485962,0.8718051910400391,165.0,0.974418580532074
178,178.0,0.9353448152542114,0.9722297191619873,0.825316846370697,0.8987069129943848,0.8781598806381226,165.0,0.974418580532074
179,179.0,0.920258641242981,0.9742318391799927,0.8338313102722168,0.9051724076271057,0.8820338249206543,165.0,0.974418580532074
180,180.0,0.920258641242981,0.9748542308807373,0.8291040062904358,0.892241358757019,0.8806276917457581,180.0,0.9748542308807373
181,181.0,0.931034505367279,0.9732567071914673,0.8242253065109253,0.9116379022598267,0.878974199295044,180.0,0.9748542308807373
182,182.0,0.9224137663841248,0.9715346693992615,0.8263821601867676,0.9073275923728943,0.8786786198616028,180.0,0.9748542308807373
183,183.0,0.9245689511299133,0.9731114506721497,0.8310034871101379,0.9137930870056152,0.8825812935829163,180.0,0.9748542308807373
184,184.0,0.9288793206214905,0.9734434485435486,0.8315713405609131,0.8965517282485962,0.8830884099006653,180.0,0.9748542308807373
185,185.0,0.9159482717514038,0.9740450978279114,0.8284419178962708,0.9051724076271057,0.8798626661300659,180.0,0.9748542308807373
186,186.0,0.9224137663841248,0.9747297763824463,0.8363015651702881,0.9116379022598267,0.883353054523468,180.0,0.9748542308807373
187,187.0,0.931034505367279,0.9740658402442932,0.8416935801506042,0.8943965435028076,0.8847736120223999,180.0,0.9748542308807373
188,188.0,0.9331896305084229,0.9731737375259399,0.8249834775924683,0.8879310488700867,0.875012218952179,180.0,0.9748542308807373
189,189.0,0.7262930870056152,0.9718874096870422,0.8155168890953064,0.9008620977401733,0.871221125125885,180.0,0.9748542308807373
190,190.0,0.920258641242981,0.970891535282135,0.8167569041252136,0.9030172228813171,0.8741635084152222,180.0,0.9748542308807373
191,191.0,0.9288793206214905,0.9726965427398682,0.8249940872192383,0.9030172228813171,0.8791074752807617,180.0,0.9748542308807373
192,192.0,0.9224137663841248,0.9741073250770569,0.8333683609962463,0.9181034564971924,0.8835583925247192,180.0,0.9748542308807373
193,193.0,0.9288793206214905,0.974543035030365,0.827006995677948,0.9094827771186829,0.8796332478523254,180.0,0.9748542308807373
194,194.0,0.9396551847457886,0.973298192024231,0.8240756392478943,0.9116379022598267,0.8788604140281677,180.0,0.9748542308807373
195,195.0,0.9288793206214905,0.972841739654541,0.8301171660423279,0.9051724076271057,0.8819170594215393,180.0,0.9748542308807373
196,196.0,0.9331896305084229,0.9732774496078491,0.8300662636756897,0.9137930870056152,0.8817532062530518,180.0,0.9748542308807373
197,197.0,0.9137930870056152,0.9731737375259399,0.8243525624275208,0.8965517282485962,0.8783538341522217,180.0,0.9748542308807373
198,198.0,0.9181034564971924,0.9723230600357056,0.8241739273071289,0.9073275923728943,0.877227246761322,180.0,0.9748542308807373
199,199.0,0.7737069129943848,0.9716591835021973,0.8268147110939026,0.8987069129943848,0.8799653649330139,180.0,0.9748542308807373
200,200.0,0.8599137663841248,0.9720948338508606,0.8165557384490967,0.9051724076271057,0.8714399933815002,180.0,0.9748542308807373
201,201.0,0.9396551847457886,0.9733811616897583,0.8280965685844421,0.9073275923728943,0.8800655603408813,180.0,0.9748542308807373
202,202.0,0.9073275923728943,0.974086582660675,0.8278431296348572,0.9008620977401733,0.8801360130310059,180.0,0.9748542308807373
203,203.0,0.9224137663841248,0.9752691984176636,0.8289439678192139,0.9051724076271057,0.8800869584083557,203.0,0.9752691984176636
204,204.0,0.920258641242981,0.9752277135848999,0.8350028395652771,0.9159482717514038,0.8838238716125488,203.0,0.9752691984176636
205,205.0,0.943965494632721,0.9746675491333008,0.8269082307815552,0.9073275923728943,0.8790397047996521,203.0,0.9752691984176636
206,206.0,0.9267241358757019,0.974190354347229,0.829053521156311,0.8987069129943848,0.8820376396179199,203.0,0.9752691984176636
207,207.0,0.9375,0.974418580532074,0.8270191550254822,0.8879310488700867,0.880669355392456,203.0,0.9752691984176636
208,208.0,0.9245689511299133,0.9740450978279114,0.8256556391716003,0.9030172228813171,0.8785881400108337,203.0,0.9752691984176636
209,209.0,0.9245689511299133,0.9755803942680359,0.8364574313163757,0.9137930870056152,0.8851333260536194,209.0,0.9755803942680359
210,210.0,0.9224137663841248,0.9751031994819641,0.8419445753097534,0.9073275923728943,0.8878137469291687,209.0,0.9755803942680359
211,211.0,0.9288793206214905,0.9747297763824463,0.8355998396873474,0.9116379022598267,0.8843529224395752,209.0,0.9755803942680359
212,212.0,0.9245689511299133,0.9751862287521362,0.8412124514579773,0.9159482717514038,0.8874813914299011,209.0,0.9755803942680359
213,213.0,0.8620689511299133,0.9755181670188904,0.8298130631446838,0.9159482717514038,0.8827809691429138,209.0,0.9755803942680359
214,214.0,0.9181034564971924,0.9757256507873535,0.8337376117706299,0.9051724076271057,0.8852232694625854,214.0,0.9757256507873535
215,215.0,0.931034505367279,0.9744600653648376,0.8290055394172668,0.9030172228813171,0.8815773725509644,214.0,0.9757256507873535
216,216.0,0.9288793206214905,0.9739828705787659,0.8263726830482483,0.9116379022598267,0.879158079624176,214.0,0.9757256507873535
217,217.0,0.9331896305084229,0.9736301302909851,0.8329710960388184,0.9116379022598267,0.8823675513267517,214.0,0.9757256507873535
218,218.0,0.8491379022598267,0.9742318391799927,0.8244868516921997,0.9116379022598267,0.879234790802002,214.0,0.9757256507873535
219,219.0,0.931034505367279,0.9731737375259399,0.8389208912849426,0.9051724076271057,0.8881431221961975,214.0,0.9757256507873535
220,220.0,0.9353448152542114,0.9734849333763123,0.8340103626251221,0.9008620977401733,0.8847968578338623,214.0,0.9757256507873535
221,221.0,0.7758620977401733,0.9736820459365845,0.821657121181488,0.9137930870056152,0.8753976821899414,214.0,0.9757256507873535
222,222.0,0.8081896305084229,0.973962128162384,0.8263517618179321,0.9116379022598267,0.8788273334503174,214.0,0.9757256507873535
223,223.0,0.9353448152542114,0.9739206433296204,0.8282675743103027,0.9030172228813171,0.8798009157180786,214.0,0.9757256507873535
224,224.0,0.931034505367279,0.9736509323120117,0.8340522050857544,0.8965517282485962,0.8842686414718628,214.0,0.9757256507873535
225,225.0,0.8943965435028076,0.9740036129951477,0.8255298733711243,0.9030172228813171,0.8776769042015076,214.0,0.9757256507873535
226,226.0,0.931034505367279,0.9738999009132385,0.8334822654724121,0.9073275923728943,0.8834792971611023,214.0,0.9757256507873535
227,227.0,0.9396551847457886,0.974086582660675,0.8434528708457947,0.9224137663841248,0.8888303637504578,214.0,0.9757256507873535
228,228.0,0.8620689511299133,0.9737753868103027,0.8153094053268433,0.8965517282485962,0.8732379078865051,214.0,0.9757256507873535
229,229.0,0.9288793206214905,0.9729040265083313,0.8288017511367798,0.9051724076271057,0.8825065493583679,214.0,0.9757256507873535
230,230.0,0.9288793206214905,0.9727380275726318,0.8244602680206299,0.9094827771186829,0.8787739872932434,214.0,0.9757256507873535
231,231.0,0.8318965435028076,0.9738894701004028,0.8270108103752136,0.9008620977401733,0.8810114860534668,214.0,0.9757256507873535
232,232.0,0.8857758641242981,0.9745015501976013,0.828418493270874,0.9051724076271057,0.8808560371398926,214.0,0.9757256507873535
233,233.0,0.931034505367279,0.9746260046958923,0.8328490257263184,0.9051724076271057,0.8832471370697021,214.0,0.9757256507873535
234,234.0,0.9245689511299133,0.9758501052856445,0.8349215984344482,0.8943965435028076,0.8847841620445251,234.0,0.9758501052856445
235,235.0,0.9159482717514038,0.9760575890541077,0.834138810634613,0.892241358757019,0.8846738934516907,235.0,0.9760575890541077
236,236.0,0.9159482717514038,0.9760368466377258,0.8336167931556702,0.892241358757019,0.8845693469047546,235.0,0.9760575890541077
237,237.0,0.9288793206214905,0.9763065576553345,0.8381457328796387,0.892241358757019,0.8862929940223694,237.0,0.9763065576553345
238,238.0,0.8879310488700867,0.9759538769721985,0.8390620350837708,0.9116379022598267,0.8877267837524414,237.0,0.9763065576553345
239,239.0,0.9159482717514038,0.9754766821861267,0.826223611831665,0.9030172228813171,0.8759215474128723,237.0,0.9763065576553345
240,240.0,0.732758641242981,0.9752691984176636,0.8169105648994446,0.9008620977401733,0.8718084096908569,237.0,0.9763065576553345
241,241.0,0.7780172228813171,0.9749580025672913,0.8318074345588684,0.8965517282485962,0.8832899332046509,237.0,0.9763065576553345
242,242.0,0.9353448152542114,0.9746882915496826,0.8345844745635986,0.8987069129943848,0.8835150599479675,237.0,0.9763065576553345
243,243.0,0.9331896305084229,0.9741592407226562,0.8330494165420532,0.9051724076271057,0.8824558854103088,237.0,0.9763065576553345
244,244.0,0.9267241358757019,0.9749787449836731,0.8388530015945435,0.9051724076271057,0.8858779668807983,237.0,0.9763065576553345
245,245.0,0.9030172228813171,0.9751031994819641,0.8338542580604553,0.9094827771186829,0.882884681224823,237.0,0.9763065576553345
246,246.0,0.9353448152542114,0.9748334884643555,0.8380171060562134,0.9008620977401733,0.8858451843261719,237.0,0.9763065576553345
247,247.0,0.9245689511299133,0.9746052622795105,0.8382165431976318,0.920258641242981,0.8855119943618774,237.0,0.9763065576553345
248,248.0,0.9224137663841248,0.974543035030365,0.8362380266189575,0.9094827771186829,0.8846319317817688,237.0,0.9763065576553345
249,249.0,0.9288793206214905,0.9741280674934387,0.8367579579353333,0.8987069129943848,0.8856547474861145,237.0,0.9763065576553345
250,250.0,0.9116379022598267,0.9746260046958923,0.8376079797744751,0.9094827771186829,0.8857536315917969,237.0,0.9763065576553345
251,251.0,0.9267241358757019,0.9745222926139832,0.842474639415741,0.9094827771186829,0.8876988887786865,237.0,0.9763065576553345
252,252.0,0.931034505367279,0.9741696119308472,0.8431459665298462,0.9116379022598267,0.8882471323013306,237.0,0.9763065576553345
253,253.0,0.9353448152542114,0.9742318391799927,0.8431418538093567,0.9116379022598267,0.8883758187294006,237.0,0.9763065576553345
254,254.0,0.9331896305084229,0.974190354347229,0.8431268930435181,0.9137930870056152,0.8884546756744385,237.0,0.9763065576553345
255,255.0,0.7844827771186829,0.974989116191864,0.8305562734603882,0.9159482717514038,0.8819395899772644,237.0,0.9763065576553345
256,256.0,0.931034505367279,0.9746882915496826,0.8331657648086548,0.9030172228813171,0.8834971785545349,237.0,0.9763065576553345
257,257.0,0.9331896305084229,0.9745222926139832,0.8304307460784912,0.9116379022598267,0.8811323046684265,237.0,0.9763065576553345
258,258.0,0.9396551847457886,0.9752899408340454,0.8307551145553589,0.8987069129943848,0.8823052644729614,237.0,0.9763065576553345
259,259.0,0.9288793206214905,0.9753106832504272,0.8331581950187683,0.9073275923728943,0.8829583525657654,237.0,0.9763065576553345
260,260.0,0.9181034564971924,0.9752069711685181,0.8339919447898865,0.9051724076271057,0.8832671642303467,237.0,0.9763065576553345
261,261.0,0.9116379022598267,0.9752277135848999,0.8334189057350159,0.9051724076271057,0.8829659819602966,237.0,0.9763065576553345
262,262.0,0.9159482717514038,0.9752899408340454,0.8331977128982544,0.9030172228813171,0.8828925490379333,237.0,0.9763065576553345
263,263.0,0.9288793206214905,0.9755181670188904,0.8371917605400085,0.9073275923728943,0.8848020434379578,237.0,0.9763065576553345
264,264.0,0.931034505367279,0.9753729104995728,0.8348140716552734,0.9137930870056152,0.8822773694992065,237.0,0.9763065576553345
265,265.0,0.9159482717514038,0.9745222926139832,0.828321635723114,0.9159482717514038,0.8791453838348389,237.0,0.9763065576553345
266,266.0,0.9353448152542114,0.9739828705787659,0.8354113698005676,0.8943965435028076,0.8827159404754639,237.0,0.9763065576553345
267,267.0,0.9353448152542114,0.9745534062385559,0.8345717191696167,0.892241358757019,0.8835342526435852,237.0,0.9763065576553345
268,268.0,0.9375,0.974190354347229,0.8348807692527771,0.9051724076271057,0.8831233382225037,237.0,0.9763065576553345
269,269.0,0.9418103694915771,0.9745845198631287,0.8356907963752747,0.8965517282485962,0.8848069310188293,237.0,0.9763065576553345
270,270.0,0.8383620977401733,0.9747090339660645,0.8334686756134033,0.9008620977401733,0.8832690715789795,237.0,0.9763065576553345
271,271.0,0.9137930870056152,0.9753314256668091,0.8365660309791565,0.8943965435028076,0.8847380876541138,237.0,0.9763065576553345
272,272.0,0.9245689511299133,0.9754144549369812,0.8363571763038635,0.9008620977401733,0.8847294449806213,237.0,0.9763065576553345
273,273.0,0.9267241358757019,0.9753729104995728,0.8359943628311157,0.9030172228813171,0.8844457864761353,237.0,0.9763065576553345
274,274.0,0.9267241358757019,0.9753314256668091,0.8359301686286926,0.9030172228813171,0.8844336271286011,237.0,0.9763065576553345
275,275.0,0.9267241358757019,0.9753106832504272,0.8359634280204773,0.9030172228813171,0.8844625949859619,237.0,0.9763065576553345
276,276.0,0.9288793206214905,0.975570023059845,0.8431791067123413,0.9094827771186829,0.8869504332542419,237.0,0.9763065576553345
277,277.0,0.8534482717514038,0.9749994874000549,0.8290199637413025,0.9159482717514038,0.8816741108894348,237.0,0.9763065576553345
278,278.0,0.9353448152542114,0.9750824570655823,0.8277897834777832,0.9181034564971924,0.8802124261856079,237.0,0.9763065576553345
279,279.0,0.931034505367279,0.9749372601509094,0.8268826603889465,0.9181034564971924,0.8790440559387207,237.0,0.9763065576553345
280,280.0,0.9267241358757019,0.9755389094352722,0.831254243850708,0.9051724076271057,0.8813826441764832,237.0,0.9763065576553345
281,281.0,0.931034505367279,0.9750409722328186,0.8360621333122253,0.9094827771186829,0.8841548562049866,237.0,0.9763065576553345
282,282.0,0.931034505367279,0.9750202298164368,0.8372552394866943,0.8965517282485962,0.8849206566810608,237.0,0.9763065576553345
283,283.0,0.9181034564971924,0.9746052622795105,0.8329023122787476,0.9030172228813171,0.8836052417755127,237.0,0.9763065576553345
284,284.0,0.8987069129943848,0.9744393229484558,0.8287939429283142,0.9073275923728943,0.8818049430847168,237.0,0.9763065576553345
285,285.0,0.9396551847457886,0.9753106832504272,0.8345566987991333,0.8857758641242981,0.8838983774185181,237.0,0.9763065576553345
286,286.0,0.9181034564971924,0.9747505187988281,0.8339827060699463,0.8943965435028076,0.8839706778526306,237.0,0.9763065576553345
287,287.0,0.920258641242981,0.9747920036315918,0.8353661894798279,0.8943965435028076,0.8852974772453308,237.0,0.9763065576553345
288,288.0,0.9267241358757019,0.9750202298164368,0.8394221663475037,0.8943965435028076,0.8874342441558838,237.0,0.9763065576553345
289,289.0,0.9245689511299133,0.9756218791007996,0.8390490412712097,0.8965517282485962,0.8866001963615417,237.0,0.9763065576553345
290,290.0,0.920258641242981,0.9757049083709717,0.837791919708252,0.8965517282485962,0.8860990405082703,237.0,0.9763065576553345
291,291.0,0.9288793206214905,0.9754559397697449,0.8419287204742432,0.8965517282485962,0.8874388337135315,237.0,0.9763065576553345
292,292.0,0.931034505367279,0.9750617146492004,0.8423514366149902,0.9008620977401733,0.8881019353866577,237.0,0.9763065576553345
293,293.0,0.9331896305084229,0.974895715713501,0.8433051705360413,0.9073275923728943,0.8886865377426147,237.0,0.9763065576553345
294,294.0,0.9008620977401733,0.9754766821861267,0.8351672291755676,0.9116379022598267,0.8835927844047546,237.0,0.9763065576553345
295,295.0,0.9353448152542114,0.975435197353363,0.8259209394454956,0.892241358757019,0.8783427476882935,237.0,0.9763065576553345
296,296.0,0.9375,0.974543035030365,0.8326789736747742,0.8965517282485962,0.8833844661712646,237.0,0.9763065576553345
297,297.0,0.9288793206214905,0.97477126121521,0.8299544453620911,0.9073275923728943,0.8806712627410889,237.0,0.9763065576553345
298,298.0,0.9288793206214905,0.9748542308807373,0.8294042348861694,0.9137930870056152,0.8795424699783325,237.0,0.9763065576553345
299,299.0,0.9418103694915771,0.9750824570655823,0.8304886817932129,0.8987069129943848,0.881057858467102,237.0,0.9763065576553345
300,300.0,0.9245689511299133,0.975435197353363,0.8332955241203308,0.9008620977401733,0.8825390338897705,237.0,0.9763065576553345
301,301.0,0.9267241358757019,0.9759123921394348,0.8356547951698303,0.9008620977401733,0.8839999437332153,237.0,0.9763065576553345
302,302.0,0.9288793206214905,0.9760990738868713,0.8374595642089844,0.8987069129943848,0.8851587772369385,237.0,0.9763065576553345
303,303.0,0.9288793206214905,0.9760990738868713,0.8379219770431519,0.8987069129943848,0.8854174613952637,237.0,0.9763065576553345
304,304.0,0.9288793206214905,0.9760575890541077,0.8382691740989685,0.8965517282485962,0.8856756091117859,237.0,0.9763065576553345
305,305.0,0.9288793206214905,0.9760368466377258,0.8383871912956238,0.8965517282485962,0.885737419128418,237.0,0.9763065576553345
306,306.0,0.9288793206214905,0.976016104221344,0.838470458984375,0.8943965435028076,0.885765016078949,237.0,0.9763065576553345
307,307.0,0.9288793206214905,0.9760368466377258,0.8385778665542603,0.892241358757019,0.8858622908592224,237.0,0.9763065576553345
308,308.0,0.9288793206214905,0.9760783314704895,0.8386904001235962,0.8900862336158752,0.8859730958938599,237.0,0.9763065576553345
309,309.0,0.9288793206214905,0.9760990738868713,0.838767409324646,0.8900862336158752,0.8860494494438171,237.0,0.9763065576553345
310,310.0,0.9288793206214905,0.9760783314704895,0.8388338685035706,0.8900862336158752,0.8861047029495239,237.0,0.9763065576553345
311,311.0,0.9267241358757019,0.9760990738868713,0.8389221429824829,0.8900862336158752,0.886208176612854,237.0,0.9763065576553345
312,312.0,0.9267241358757019,0.9761198163032532,0.8389288187026978,0.892241358757019,0.8862009048461914,237.0,0.9763065576553345
313,313.0,0.9288793206214905,0.9762028455734253,0.8389782309532166,0.8900862336158752,0.8860825300216675,237.0,0.9763065576553345
314,314.0,0.8987069129943848,0.9762858152389526,0.8356085419654846,0.9137930870056152,0.8838886022567749,237.0,0.9763065576553345
315,315.0,0.9375,0.9757463932037354,0.8354464769363403,0.9073275923728943,0.8846443891525269,237.0,0.9763065576553345
316,316.0,0.8879310488700867,0.9750202298164368,0.8296723365783691,0.920258641242981,0.8793133497238159,237.0,0.9763065576553345
317,317.0,0.931034505367279,0.9756011366844177,0.8377006649971008,0.9159482717514038,0.8839251399040222,237.0,0.9763065576553345
318,318.0,0.9245689511299133,0.9759953618049622,0.8354530334472656,0.892241358757019,0.8833237886428833,237.0,0.9763065576553345
319,319.0,0.9245689511299133,0.9752277135848999,0.8320602178573608,0.8987069129943848,0.8815310597419739,237.0,0.9763065576553345
320,320.0,0.9224137663841248,0.9754144549369812,0.836424708366394,0.9008620977401733,0.883277177810669,237.0,0.9763065576553345
321,321.0,0.9224137663841248,0.9756011366844177,0.8368444442749023,0.8987069129943848,0.8834248185157776,237.0,0.9763065576553345
322,322.0,0.9224137663841248,0.9755389094352722,0.8370847105979919,0.8987069129943848,0.883770763874054,237.0,0.9763065576553345
323,323.0,0.9224137663841248,0.9755389094352722,0.8371288776397705,0.8987069129943848,0.8838707208633423,237.0,0.9763065576553345
324,324.0,0.9245689511299133,0.9756011366844177,0.8372007608413696,0.9030172228813171,0.8839590549468994,237.0,0.9763065576553345
325,325.0,0.9267241358757019,0.975559651851654,0.8373393416404724,0.9008620977401733,0.8840622305870056,237.0,0.9763065576553345
326,326.0,0.9224137663841248,0.9755803942680359,0.8375064730644226,0.9030172228813171,0.8842077255249023,237.0,0.9763065576553345
327,327.0,0.9245689511299133,0.9754766821861267,0.8377692103385925,0.9008620977401733,0.8843669891357422,237.0,0.9763065576553345
328,328.0,0.9267241358757019,0.9754766821861267,0.8386405110359192,0.9051724076271057,0.885151207447052,237.0,0.9763065576553345
329,329.0,0.9245689511299133,0.9755803942680359,0.8394932746887207,0.9051724076271057,0.8863503932952881,237.0,0.9763065576553345
330,330.0,0.9331896305084229,0.9756841659545898,0.8437110185623169,0.9030172228813171,0.8879626989364624,237.0,0.9763065576553345
331,331.0,0.9288793206214905,0.9762858152389526,0.8440855145454407,0.9094827771186829,0.8882490396499634,237.0,0.9763065576553345
332,332.0,0.943965494632721,0.9764310717582703,0.8424720764160156,0.9073275923728943,0.8883858323097229,332.0,0.9764310717582703
333,333.0,0.9331896305084229,0.976597011089325,0.8426752686500549,0.9051724076271057,0.8879472613334656,333.0,0.976597011089325
334,334.0,0.9331896305084229,0.9759746193885803,0.8367794156074524,0.8987069129943848,0.8841930627822876,333.0,0.976597011089325
335,335.0,0.9181034564971924,0.9754559397697449,0.8327028751373291,0.8987069129943848,0.8811114430427551,333.0,0.976597011089325
336,336.0,0.9245689511299133,0.9755389094352722,0.8355492353439331,0.9051724076271057,0.8831266164779663,333.0,0.976597011089325
337,337.0,0.9375,0.9757049083709717,0.8378826379776001,0.9051724076271057,0.8850929737091064,333.0,0.976597011089325
338,338.0,0.9375,0.9756426215171814,0.8377904891967773,0.9051724076271057,0.8853139877319336,333.0,0.976597011089325
339,339.0,0.9353448152542114,0.9756426215171814,0.8385388851165771,0.9051724076271057,0.8853327035903931,333.0,0.976597011089325
340,340.0,0.9267241358757019,0.9755803942680359,0.8385257124900818,0.8987069129943848,0.8852606415748596,333.0,0.976597011089325
341,341.0,0.9288793206214905,0.9753936529159546,0.8364095091819763,0.9094827771186829,0.8849813342094421,333.0,0.976597011089325
342,342.0,0.9116379022598267,0.9761821031570435,0.8413602709770203,0.9159482717514038,0.8867564797401428,333.0,0.976597011089325
343,343.0,0.9331896305084229,0.975787878036499,0.8456136584281921,0.9181034564971924,0.8888848423957825,333.0,0.976597011089325
344,344.0,0.9288793206214905,0.9753314256668091,0.8465684652328491,0.9094827771186829,0.889388918876648,333.0,0.976597011089325
345,345.0,0.9267241358757019,0.9753729104995728,0.8469070792198181,0.9116379022598267,0.8896552324295044,333.0,0.976597011089325
346,346.0,0.9267241358757019,0.9754559397697449,0.8471376895904541,0.9094827771186829,0.8898120522499084,333.0,0.976597011089325
347,347.0,0.9267241358757019,0.975435197353363,0.8473816514015198,0.9094827771186829,0.8899938464164734,333.0,0.976597011089325
348,348.0,0.9267241358757019,0.975435197353363,0.8475751876831055,0.9094827771186829,0.8901541829109192,333.0,0.976597011089325
349,349.0,0.9267241358757019,0.9754559397697449,0.8477228283882141,0.9094827771186829,0.8902173042297363,333.0,0.976597011089325
350,350.0,0.9288793206214905,0.9754766821861267,0.84788978099823,0.9073275923728943,0.8903132081031799,333.0,0.976597011089325
351,351.0,0.931034505367279,0.975435197353363,0.8480605483055115,0.9094827771186829,0.890403151512146,333.0,0.976597011089325
352,352.0,0.931034505367279,0.9754974246025085,0.848264217376709,0.9116379022598267,0.8905621767044067,333.0,0.976597011089325
353,353.0,0.931034505367279,0.9754766821861267,0.8484543561935425,0.9116379022598267,0.890728771686554,333.0,0.976597011089325
354,354.0,0.931034505367279,0.9755389094352722,0.8486445546150208,0.9137930870056152,0.8908668756484985,333.0,0.976597011089325
355,355.0,0.9331896305084229,0.9755803942680359,0.8487877249717712,0.9137930870056152,0.8909143209457397,333.0,0.976597011089325
356,356.0,0.9331896305084229,0.9755803942680359,0.8489094376564026,0.9137930870056152,0.8909828662872314,333.0,0.976597011089325
357,357.0,0.9331896305084229,0.975559651851654,0.8490013480186462,0.9116379022598267,0.8910375833511353,333.0,0.976597011089325
358,358.0,0.9331896305084229,0.975559651851654,0.8491941094398499,0.9116379022598267,0.8912244439125061,333.0,0.976597011089325
359,359.0,0.9331896305084229,0.9755181670188904,0.8493497967720032,0.9116379022598267,0.8913840055465698,333.0,0.976597011089325
360,360.0,0.9418103694915771,0.9762650728225708,0.8377724289894104,0.8965517282485962,0.8846010565757751,333.0,0.976597011089325
361,361.0,0.8405172228813171,0.9765347838401794,0.8312546610832214,0.9030172228813171,0.8808159232139587,333.0,0.976597011089325
362,362.0,0.9288793206214905,0.9763480424880981,0.833254337310791,0.8965517282485962,0.8825070858001709,333.0,0.976597011089325
363,363.0,0.9418103694915771,0.9759331345558167,0.8313429355621338,0.8987069129943848,0.8816236853599548,333.0,0.976597011089325
364,364.0,0.9267241358757019,0.9753521680831909,0.8328391909599304,0.9030172228813171,0.8812076449394226,333.0,0.976597011089325
365,365.0,0.9288793206214905,0.9752899408340454,0.8338068127632141,0.9008620977401733,0.8815587162971497,333.0,0.976597011089325
366,366.0,0.9267241358757019,0.9755803942680359,0.836361825466156,0.8900862336158752,0.8832888603210449,333.0,0.976597011089325
367,367.0,0.9267241358757019,0.9757463932037354,0.8380016088485718,0.892241358757019,0.8842862844467163,333.0,0.976597011089325
368,368.0,0.9288793206214905,0.9758708477020264,0.8387506008148193,0.892241358757019,0.8847535252571106,333.0,0.976597011089325
369,369.0,0.9288793206214905,0.9758501052856445,0.8392460942268372,0.8943965435028076,0.8851357698440552,333.0,0.976597011089325
370,370.0,0.9288793206214905,0.9758086204528809,0.8394665122032166,0.8965517282485962,0.8852543830871582,333.0,0.976597011089325
371,371.0,0.9288793206214905,0.9758501052856445,0.839579164981842,0.8965517282485962,0.8853172659873962,333.0,0.976597011089325
372,372.0,0.9288793206214905,0.9758708477020264,0.8398556709289551,0.8987069129943848,0.8855399489402771,333.0,0.976597011089325
373,373.0,0.9288793206214905,0.9759123921394348,0.8400844931602478,0.8987069129943848,0.8857482075691223,333.0,0.976597011089325
374,374.0,0.9288793206214905,0.9758915901184082,0.8402917981147766,0.8987069129943848,0.8859021067619324,333.0,0.976597011089325
375,375.0,0.9288793206214905,0.9759538769721985,0.8405018448829651,0.8987069129943848,0.8860697746276855,333.0,0.976597011089325
376,376.0,0.9288793206214905,0.9759746193885803,0.840705394744873,0.8987069129943848,0.8862374424934387,333.0,0.976597011089325
377,377.0,0.9288793206214905,0.9759538769721985,0.8408583402633667,0.9008620977401733,0.8863493204116821,333.0,0.976597011089325
378,378.0,0.9288793206214905,0.9759746193885803,0.8410701751708984,0.9008620977401733,0.8865441083908081,333.0,0.976597011089325
379,379.0,0.9288793206214905,0.9759953618049622,0.841257631778717,0.8987069129943848,0.8867659568786621,333.0,0.976597011089325
380,380.0,0.9288793206214905,0.976016104221344,0.8413684964179993,0.8965517282485962,0.8868569731712341,333.0,0.976597011089325
381,381.0,0.9288793206214905,0.9761198163032532,0.8415465354919434,0.8965517282485962,0.8870303630828857,333.0,0.976597011089325
382,382.0,0.9288793206214905,0.9760990738868713,0.841661274433136,0.8965517282485962,0.8871064782142639,333.0,0.976597011089325
383,383.0,0.9288793206214905,0.9762028455734253,0.8417758941650391,0.8943965435028076,0.8871822953224182,333.0,0.976597011089325
384,384.0,0.9288793206214905,0.9762650728225708,0.841890811920166,0.8943965435028076,0.8872866034507751,333.0,0.976597011089325
385,385.0,0.9288793206214905,0.9762858152389526,0.8419545292854309,0.892241358757019,0.887354850769043,333.0,0.976597011089325
386,386.0,0.9288793206214905,0.9762235879898071,0.8420904874801636,0.892241358757019,0.8874591588973999,333.0,0.976597011089325
387,387.0,0.931034505367279,0.9762235879898071,0.8422731757164001,0.8943965435028076,0.8876268267631531,333.0,0.976597011089325
388,388.0,0.931034505367279,0.976244330406189,0.8423476815223694,0.892241358757019,0.8876959085464478,333.0,0.976597011089325
389,389.0,0.931034505367279,0.9761821031570435,0.8424259424209595,0.892241358757019,0.8877863883972168,333.0,0.976597011089325
390,390.0,0.9331896305084229,0.9762028455734253,0.842326283454895,0.9008620977401733,0.8874193429946899,333.0,0.976597011089325
391,391.0,0.892241358757019,0.9760575890541077,0.834530770778656,0.9137930870056152,0.8819774985313416,333.0,0.976597011089325
392,392.0,0.943965494632721,0.9758708477020264,0.8401821255683899,0.8965517282485962,0.8861374855041504,333.0,0.976597011089325
393,393.0,0.9094827771186829,0.9754766821861267,0.8346558213233948,0.9073275923728943,0.8838785886764526,333.0,0.976597011089325
394,394.0,0.9375,0.9753521680831909,0.8421445488929749,0.8987069129943848,0.8887377381324768,333.0,0.976597011089325
395,395.0,0.931034505367279,0.976244330406189,0.8416165709495544,0.9008620977401733,0.8872454166412354,333.0,0.976597011089325
396,396.0,0.931034505367279,0.9763480424880981,0.8390138745307922,0.8987069129943848,0.8864942789077759,333.0,0.976597011089325
397,397.0,0.931034505367279,0.9755803942680359,0.8378664255142212,0.8965517282485962,0.8863734602928162,333.0,0.976597011089325
398,398.0,0.931034505367279,0.975341796875,0.8371194005012512,0.8943965435028076,0.8855634927749634,333.0,0.976597011089325
399,399.0,0.9288793206214905,0.9757049083709717,0.8360379338264465,0.9008620977401733,0.8849009275436401,333.0,0.976597011089325
400,400.0,0.9267241358757019,0.9757049083709717,0.8350202441215515,0.9008620977401733,0.8841819763183594,333.0,0.976597011089325
