epoch,best_auc_HOLD_OUT_vs_self/auc_yinda_level0,best_auc_HOLD_OUT_vs_self/precision_at_1_level0,best_auc_TOTAL_WITHOUT_TRAIN_vs_self/epoch,best_auc_TOTAL_WITHOUT_TRAIN_vs_self/acc_yinda_level0,best_auc_TOTAL_WITHOUT_TRAIN_vs_self/mean_average_precision_at_r_level0,best_auc_TOTAL_WITHOUT_TRAIN_vs_self/r_precision_level0,best_auc_TOTAL_WITHOUT_TRAIN_vs_self/best_epoch,best_auc_TOTAL_WITHOUT_TRAIN_vs_self/best_accuracy
1,0.44999998807907104,0.8666666746139526,1.0,0.6506849527359009,0.4350188672542572,0.5974380373954773,1.0,0.5711628794670105
2,0.5649999976158142,0.8666666746139526,2.0,0.6506849527359009,0.4495278000831604,0.6073943376541138,2.0,0.6077985763549805
3,0.7350000143051147,0.8444444537162781,3.0,0.6506849527359009,0.46143263578414917,0.613640308380127,3.0,0.652380645275116
4,0.8500000238418579,0.8444444537162781,4.0,0.3493150770664215,0.4675324857234955,0.6155027747154236,3.0,0.652380645275116
5,0.8899999856948853,0.8444444537162781,5.0,0.3493150770664215,0.4711235463619232,0.6196502447128296,3.0,0.652380645275116
6,0.9049999713897705,0.8666666746139526,6.0,0.4452054798603058,0.4739740788936615,0.6241912245750427,3.0,0.652380645275116
7,0.925000011920929,0.8888888955116272,7.0,0.767123281955719,0.47474148869514465,0.6280588507652283,7.0,0.7949135303497314
8,0.9399999976158142,0.9111111164093018,8.0,0.7054794430732727,0.4755163788795471,0.6292626261711121,7.0,0.7949135303497314
9,0.9399999976158142,0.9333333373069763,9.0,0.6917808055877686,0.47511476278305054,0.6314631104469299,7.0,0.7949135303497314
10,0.9399999976158142,0.9555555582046509,10.0,0.7260273694992065,0.4763641357421875,0.6356805562973022,7.0,0.7949135303497314
11,0.9399999976158142,0.9333333373069763,11.0,0.7123287916183472,0.4785960018634796,0.6390644311904907,7.0,0.7949135303497314
12,0.9399999976158142,0.9333333373069763,12.0,0.7397260069847107,0.47953712940216064,0.6407431960105896,7.0,0.7949135303497314
13,0.9399999976158142,0.9555555582046509,13.0,0.732876718044281,0.4835629165172577,0.6450189352035522,7.0,0.7949135303497314
14,0.9399999976158142,0.9555555582046509,14.0,0.7465753555297852,0.4939054846763611,0.6539084911346436,7.0,0.7949135303497314
15,0.9399999976158142,0.9555555582046509,15.0,0.767123281955719,0.49706387519836426,0.6557475924491882,15.0,0.8049238920211792
16,0.9399999976158142,0.9555555582046509,16.0,0.801369845867157,0.5001000165939331,0.658668041229248,16.0,0.8227695822715759
17,0.949999988079071,0.9555555582046509,17.0,0.7945205569267273,0.5040286779403687,0.6614689826965332,16.0,0.8227695822715759
18,0.949999988079071,0.9333333373069763,18.0,0.7876712083816528,0.5087125897407532,0.6654998660087585,16.0,0.8227695822715759
19,0.949999988079071,0.9333333373069763,19.0,0.7945205569267273,0.5124337077140808,0.6684902310371399,19.0,0.8237824440002441
20,0.949999988079071,0.9555555582046509,20.0,0.7945205569267273,0.5162553191184998,0.6726027131080627,20.0,0.8244016766548157
21,0.9549999833106995,0.9333333373069763,21.0,0.7945205569267273,0.517566978931427,0.6728213429450989,21.0,0.8249176740646362
22,0.9549999833106995,0.9333333373069763,22.0,0.7876712083816528,0.5193176865577698,0.6729029417037964,21.0,0.8249176740646362
23,0.9549999833106995,0.9333333373069763,23.0,0.7876712083816528,0.5215019583702087,0.6743893623352051,21.0,0.8249176740646362
24,0.9549999833106995,0.9333333373069763,24.0,0.7945205569267273,0.5223914384841919,0.6737598180770874,24.0,0.8270848393440247
25,0.9549999833106995,0.9111111164093018,25.0,0.7945205569267273,0.5235633850097656,0.6734042763710022,25.0,0.827497661113739
26,0.9549999833106995,0.9111111164093018,26.0,0.7945205569267273,0.5245838165283203,0.6734771132469177,26.0,0.828220009803772
27,0.9649999737739563,0.9111111164093018,27.0,0.7945205569267273,0.5253903865814209,0.6729933023452759,27.0,0.8289424180984497
28,0.9649999737739563,0.9111111164093018,28.0,0.7945205569267273,0.5250931978225708,0.6722442507743835,27.0,0.8289424180984497
29,0.9599999785423279,0.9333333373069763,29.0,0.7808219194412231,0.5271032452583313,0.6733459830284119,27.0,0.8289424180984497
30,0.9599999785423279,0.9555555582046509,30.0,0.7876712083816528,0.5302770733833313,0.6759166717529297,27.0,0.8289424180984497
31,0.9599999785423279,0.9555555582046509,31.0,0.7876712083816528,0.5304712057113647,0.675266683101654,27.0,0.8289424180984497
32,0.9549999833106995,0.9555555582046509,32.0,0.7808219194412231,0.5316130518913269,0.6767531037330627,27.0,0.8289424180984497
33,0.9599999785423279,0.9555555582046509,33.0,0.7945205569267273,0.5307421684265137,0.6754677891731262,27.0,0.8289424180984497
34,0.9549999833106995,0.9333333373069763,34.0,0.7876712083816528,0.5306869149208069,0.674928605556488,27.0,0.8289424180984497
35,0.949999988079071,0.9555555582046509,35.0,0.7808219194412231,0.5315505862236023,0.675957441329956,27.0,0.8289424180984497
36,0.9549999833106995,0.9555555582046509,36.0,0.7808219194412231,0.5321462750434875,0.6768988370895386,27.0,0.8289424180984497
37,0.949999988079071,0.9555555582046509,37.0,0.7808219194412231,0.5340676307678223,0.6783357858657837,27.0,0.8289424180984497
38,0.9549999833106995,0.9555555582046509,38.0,0.7808219194412231,0.5347323417663574,0.6787846088409424,27.0,0.8289424180984497
39,0.9599999785423279,0.9555555582046509,39.0,0.7876712083816528,0.5371403694152832,0.6809006333351135,27.0,0.8289424180984497
40,0.9599999785423279,0.9555555582046509,40.0,0.7876712083816528,0.5372008681297302,0.6808364987373352,27.0,0.8289424180984497
41,0.9599999785423279,0.9555555582046509,41.0,0.7808219194412231,0.5365759134292603,0.680626630783081,27.0,0.8289424180984497
42,0.9599999785423279,0.9777777791023254,42.0,0.7876712083816528,0.5384390354156494,0.6827688813209534,27.0,0.8289424180984497
43,0.9599999785423279,0.9777777791023254,43.0,0.7876712083816528,0.5391182899475098,0.6834800243377686,27.0,0.8289424180984497
44,0.9599999785423279,0.9777777791023254,44.0,0.7876712083816528,0.5397321581840515,0.684100866317749,27.0,0.8289424180984497
45,0.9599999785423279,0.9777777791023254,45.0,0.7876712083816528,0.5397923588752747,0.6831069588661194,27.0,0.8289424180984497
46,0.9599999785423279,0.9777777791023254,46.0,0.7876712083816528,0.5415611863136292,0.6849956512451172,27.0,0.8289424180984497
47,0.9599999785423279,0.9777777791023254,47.0,0.7876712083816528,0.5422999858856201,0.6856164336204529,27.0,0.8289424180984497
48,0.9599999785423279,0.9777777791023254,48.0,0.8082191944122314,0.5431861281394958,0.686161458492279,48.0,0.8387845158576965
49,0.9599999785423279,0.9777777791023254,49.0,0.7876712083816528,0.5429666638374329,0.6860710978507996,48.0,0.8387845158576965
50,0.9599999785423279,0.9777777791023254,50.0,0.801369845867157,0.5435054302215576,0.686519980430603,48.0,0.8387845158576965
51,0.9599999785423279,0.9777777791023254,51.0,0.7876712083816528,0.5437453389167786,0.6867006421089172,48.0,0.8387845158576965
52,0.9599999785423279,0.9777777791023254,52.0,0.8082191944122314,0.5442034006118774,0.6869280338287354,48.0,0.8387845158576965
53,0.9599999785423279,0.9777777791023254,53.0,0.801369845867157,0.5447016954421997,0.6876508593559265,48.0,0.8387845158576965
54,0.9599999785423279,0.9777777791023254,54.0,0.8082191944122314,0.5444024801254272,0.6871669888496399,48.0,0.8387845158576965
55,0.9599999785423279,0.9777777791023254,55.0,0.7945205569267273,0.545413613319397,0.6878315210342407,48.0,0.8387845158576965
56,0.9599999785423279,0.9777777791023254,56.0,0.8219178318977356,0.5464229583740234,0.6886155605316162,56.0,0.846356213092804
57,0.9599999785423279,0.9777777791023254,57.0,0.7945205569267273,0.546631395816803,0.6887525320053101,56.0,0.846356213092804
58,0.9599999785423279,0.9777777791023254,58.0,0.7945205569267273,0.5468570590019226,0.6888079047203064,56.0,0.846356213092804
59,0.9599999785423279,0.9777777791023254,59.0,0.801369845867157,0.5472086071968079,0.6890090107917786,56.0,0.846356213092804
60,0.9599999785423279,0.9777777791023254,60.0,0.801369845867157,0.5469091534614563,0.6886243224143982,56.0,0.846356213092804
61,0.9599999785423279,0.9777777791023254,61.0,0.801369845867157,0.547705352306366,0.6897726655006409,56.0,0.846356213092804
62,0.9599999785423279,0.9777777791023254,62.0,0.801369845867157,0.5479510426521301,0.6897814273834229,56.0,0.846356213092804
63,0.9599999785423279,0.9777777791023254,63.0,0.801369845867157,0.5495826005935669,0.6914339661598206,56.0,0.846356213092804
64,0.9599999785423279,0.9777777791023254,64.0,0.8219178318977356,0.5514611601829529,0.6934946179389954,56.0,0.846356213092804
65,0.9599999785423279,0.9777777791023254,65.0,0.8219178318977356,0.5534623861312866,0.6953657865524292,65.0,0.8469754457473755
66,0.9649999737739563,0.9777777791023254,66.0,0.8082191944122314,0.5551140308380127,0.6964529156684875,65.0,0.8469754457473755
67,0.9599999785423279,0.9777777791023254,67.0,0.801369845867157,0.5564640164375305,0.698102593421936,65.0,0.8469754457473755
68,0.9649999737739563,0.9777777791023254,68.0,0.8219178318977356,0.5564562082290649,0.6981841921806335,68.0,0.8474913835525513
69,0.9599999785423279,0.9777777791023254,69.0,0.835616409778595,0.557786226272583,0.6997697353363037,69.0,0.8543407320976257
70,0.9649999737739563,0.9777777791023254,70.0,0.8287671208381653,0.5585384368896484,0.699997067451477,69.0,0.8543407320976257
71,0.9649999737739563,0.9555555582046509,71.0,0.8219178318977356,0.559044361114502,0.7002623081207275,69.0,0.8543407320976257
72,0.9700000286102295,0.9555555582046509,72.0,0.8219178318977356,0.5602981448173523,0.7012853622436523,69.0,0.8543407320976257
73,0.9700000286102295,0.9333333373069763,73.0,0.8150684833526611,0.5610065460205078,0.701906144618988,69.0,0.8543407320976257
74,0.9700000286102295,0.9555555582046509,74.0,0.7945205569267273,0.5602597594261169,0.7012969851493835,69.0,0.8543407320976257
75,0.9700000286102295,0.9555555582046509,75.0,0.7945205569267273,0.5596036911010742,0.7003672122955322,69.0,0.8543407320976257
76,0.9700000286102295,0.9555555582046509,76.0,0.7945205569267273,0.5607081055641174,0.7013232111930847,69.0,0.8543407320976257
77,0.9649999737739563,0.9555555582046509,77.0,0.8287671208381653,0.5614127516746521,0.7018595337867737,69.0,0.8543407320976257
78,0.9599999785423279,0.9555555582046509,78.0,0.8150684833526611,0.5619332194328308,0.7018420100212097,69.0,0.8543407320976257
79,0.9599999785423279,0.9555555582046509,79.0,0.8082191944122314,0.5625622868537903,0.7025532126426697,69.0,0.8543407320976257
80,0.9599999785423279,0.9333333373069763,80.0,0.8082191944122314,0.5629494786262512,0.7025619149208069,69.0,0.8543407320976257
81,0.9599999785423279,0.9333333373069763,81.0,0.8150684833526611,0.5642064213752747,0.7038938999176025,69.0,0.8543407320976257
82,0.9599999785423279,0.9333333373069763,82.0,0.801369845867157,0.5657682418823242,0.7050451636314392,69.0,0.8543407320976257
83,0.9599999785423279,0.9111111164093018,83.0,0.8150684833526611,0.5667756199836731,0.705893337726593,69.0,0.8543407320976257
84,0.9599999785423279,0.9111111164093018,84.0,0.8287671208381653,0.5668679475784302,0.705534815788269,69.0,0.8543407320976257
85,0.9599999785423279,0.9111111164093018,85.0,0.8150684833526611,0.5671614408493042,0.7059195637702942,69.0,0.8543407320976257
86,0.9599999785423279,0.9111111164093018,86.0,0.8082191944122314,0.5672591924667358,0.7056922316551208,69.0,0.8543407320976257
87,0.9599999785423279,0.9111111164093018,87.0,0.8082191944122314,0.5674446225166321,0.7054007649421692,69.0,0.8543407320976257
88,0.9599999785423279,0.9111111164093018,88.0,0.835616409778595,0.5677137970924377,0.7055814862251282,88.0,0.8573334813117981
89,0.9599999785423279,0.9111111164093018,89.0,0.8424657583236694,0.568352222442627,0.7061002850532532,89.0,0.8612741827964783
90,0.9599999785423279,0.9111111164093018,90.0,0.8287671208381653,0.569720447063446,0.706758975982666,89.0,0.8612741827964783
91,0.9599999785423279,0.9111111164093018,91.0,0.8219178318977356,0.5710753202438354,0.7076449990272522,89.0,0.8612741827964783
92,0.9599999785423279,0.9111111164093018,92.0,0.835616409778595,0.5714768171310425,0.7079452276229858,89.0,0.8612741827964783
93,0.9599999785423279,0.9111111164093018,93.0,0.8561643958091736,0.5703383684158325,0.707277774810791,93.0,0.8683298826217651
94,0.9599999785423279,0.9111111164093018,94.0,0.8219178318977356,0.5704448819160461,0.70744389295578,93.0,0.8683298826217651
95,0.9599999785423279,0.9111111164093018,95.0,0.8150684833526611,0.5705135464668274,0.7076974511146545,93.0,0.8683298826217651
96,0.9599999785423279,0.9111111164093018,96.0,0.835616409778595,0.5716168284416199,0.7083998918533325,93.0,0.8683298826217651
97,0.9599999785423279,0.9111111164093018,97.0,0.8424657583236694,0.5715711116790771,0.7077615857124329,93.0,0.8683298826217651
98,0.9599999785423279,0.9111111164093018,98.0,0.8082191944122314,0.5736879706382751,0.7091489434242249,93.0,0.8683298826217651
99,0.9599999785423279,0.9111111164093018,99.0,0.835616409778595,0.5742950439453125,0.7095773816108704,93.0,0.8683298826217651
100,0.9599999785423279,0.8888888955116272,100.0,0.8424657583236694,0.5747385025024414,0.7101603150367737,93.0,0.8683298826217651
101,0.9599999785423279,0.8888888955116272,101.0,0.835616409778595,0.5757659673690796,0.711428165435791,93.0,0.8683298826217651
102,0.9599999785423279,0.8888888955116272,102.0,0.8150684833526611,0.5762534737586975,0.7112911939620972,93.0,0.8683298826217651
103,0.9599999785423279,0.8666666746139526,103.0,0.8082191944122314,0.5771335959434509,0.7121946811676025,93.0,0.8683298826217651
104,0.9599999785423279,0.8666666746139526,104.0,0.835616409778595,0.5770989060401917,0.7124307751655579,93.0,0.8683298826217651
105,0.9599999785423279,0.8888888955116272,105.0,0.8424657583236694,0.574567973613739,0.7094316482543945,93.0,0.8683298826217651
106,0.9599999785423279,0.8666666746139526,106.0,0.8150684833526611,0.5754877328872681,0.7104547023773193,93.0,0.8683298826217651
107,0.9599999785423279,0.8666666746139526,107.0,0.8150684833526611,0.5788233280181885,0.713663637638092,93.0,0.8683298826217651
108,0.9599999785423279,0.8666666746139526,108.0,0.8287671208381653,0.5797485709190369,0.7142465710639954,93.0,0.8683298826217651
109,0.9599999785423279,0.8666666746139526,109.0,0.8424657583236694,0.5799878239631653,0.7136520147323608,93.0,0.8683298826217651
110,0.9599999785423279,0.8666666746139526,110.0,0.8150684833526611,0.5806010961532593,0.7139813303947449,93.0,0.8683298826217651
111,0.9599999785423279,0.8666666746139526,111.0,0.8287671208381653,0.5797061324119568,0.7134800553321838,93.0,0.8683298826217651
112,0.9599999785423279,0.8666666746139526,112.0,0.835616409778595,0.5786912441253662,0.7131798267364502,93.0,0.8683298826217651
113,0.9599999785423279,0.8666666746139526,113.0,0.8287671208381653,0.5775561928749084,0.7116934061050415,93.0,0.8683298826217651
114,0.9599999785423279,0.8666666746139526,114.0,0.8287671208381653,0.5773140788078308,0.7117137908935547,93.0,0.8683298826217651
115,0.9549999833106995,0.8666666746139526,115.0,0.8287671208381653,0.5766377449035645,0.7107461094856262,93.0,0.8683298826217651
116,0.9599999785423279,0.8666666746139526,116.0,0.8150684833526611,0.5769785642623901,0.7110026478767395,93.0,0.8683298826217651
117,0.9549999833106995,0.8666666746139526,117.0,0.8150684833526611,0.5777013897895813,0.7113757133483887,93.0,0.8683298826217651
118,0.9549999833106995,0.8666666746139526,118.0,0.8219178318977356,0.5798736214637756,0.7131244540214539,93.0,0.8683298826217651
119,0.9549999833106995,0.8888888955116272,119.0,0.8287671208381653,0.5803701877593994,0.7133605480194092,93.0,0.8683298826217651
120,0.9549999833106995,0.8888888955116272,120.0,0.8219178318977356,0.5804039835929871,0.7134712934494019,93.0,0.8683298826217651
121,0.9549999833106995,0.8666666746139526,121.0,0.8150684833526611,0.5804886817932129,0.7134625315666199,93.0,0.8683298826217651
122,0.949999988079071,0.8666666746139526,122.0,0.835616409778595,0.5780494809150696,0.7123841643333435,93.0,0.8683298826217651
123,0.949999988079071,0.8666666746139526,123.0,0.8561643958091736,0.5776000022888184,0.7116991877555847,93.0,0.8683298826217651
124,0.949999988079071,0.8666666746139526,124.0,0.835616409778595,0.5804560780525208,0.713506281375885,93.0,0.8683298826217651
125,0.9549999833106995,0.8666666746139526,125.0,0.8287671208381653,0.5830525755882263,0.715222954750061,93.0,0.8683298826217651
126,0.9549999833106995,0.8666666746139526,126.0,0.8150684833526611,0.5853703618049622,0.7174497246742249,93.0,0.8683298826217651
127,0.9549999833106995,0.8666666746139526,127.0,0.8287671208381653,0.5839945673942566,0.7159982323646545,93.0,0.8683298826217651
128,0.949999988079071,0.8666666746139526,128.0,0.835616409778595,0.5844978094100952,0.7158408761024475,93.0,0.8683298826217651
129,0.949999988079071,0.8666666746139526,129.0,0.835616409778595,0.5852717757225037,0.7165899276733398,93.0,0.8683298826217651
130,0.949999988079071,0.8666666746139526,130.0,0.835616409778595,0.5845503807067871,0.7154590487480164,93.0,0.8683298826217651
131,0.9549999833106995,0.8666666746139526,131.0,0.8287671208381653,0.5840798616409302,0.7150130867958069,93.0,0.8683298826217651
132,0.9549999833106995,0.8666666746139526,132.0,0.8150684833526611,0.5840532183647156,0.7153424620628357,93.0,0.8683298826217651
133,0.9549999833106995,0.8666666746139526,133.0,0.8150684833526611,0.5831142067909241,0.7139376401901245,93.0,0.8683298826217651
134,0.949999988079071,0.8666666746139526,134.0,0.8219178318977356,0.5827014446258545,0.7132614254951477,93.0,0.8683298826217651
135,0.9449999928474426,0.8666666746139526,135.0,0.835616409778595,0.5823243856430054,0.7131244540214539,93.0,0.8683298826217651
136,0.949999988079071,0.8666666746139526,136.0,0.835616409778595,0.583186686038971,0.7133517861366272,93.0,0.8683298826217651
137,0.949999988079071,0.8666666746139526,137.0,0.835616409778595,0.5845639705657959,0.714354395866394,93.0,0.8683298826217651
138,0.949999988079071,0.8666666746139526,138.0,0.835616409778595,0.5846680998802185,0.7142086625099182,93.0,0.8683298826217651
139,0.949999988079071,0.8444444537162781,139.0,0.8219178318977356,0.5855512619018555,0.7153686881065369,93.0,0.8683298826217651
140,0.949999988079071,0.8444444537162781,140.0,0.8219178318977356,0.5863268375396729,0.7156601548194885,93.0,0.8683298826217651
141,0.9399999976158142,0.8444444537162781,141.0,0.835616409778595,0.5877266526222229,0.7168813943862915,93.0,0.8683298826217651
142,0.9449999928474426,0.8444444537162781,142.0,0.835616409778595,0.5870968103408813,0.7158233523368835,93.0,0.8683298826217651
143,0.9449999928474426,0.8444444537162781,143.0,0.835616409778595,0.5853527784347534,0.7142903208732605,93.0,0.8683298826217651
144,0.9449999928474426,0.8444444537162781,144.0,0.8219178318977356,0.5851029753684998,0.7137802243232727,93.0,0.8683298826217651
145,0.9399999976158142,0.8444444537162781,145.0,0.8287671208381653,0.5852332711219788,0.7135966420173645,93.0,0.8683298826217651
146,0.9350000023841858,0.8444444537162781,146.0,0.8287671208381653,0.5855309367179871,0.7139521837234497,93.0,0.8683298826217651
147,0.9350000023841858,0.8444444537162781,147.0,0.8287671208381653,0.5854175686836243,0.7137248516082764,93.0,0.8683298826217651
148,0.9350000023841858,0.8444444537162781,148.0,0.8219178318977356,0.5852428674697876,0.7141270637512207,93.0,0.8683298826217651
149,0.9350000023841858,0.8444444537162781,149.0,0.8287671208381653,0.5846012234687805,0.7134800553321838,93.0,0.8683298826217651
150,0.9350000023841858,0.8444444537162781,150.0,0.8287671208381653,0.5849225521087646,0.7131040692329407,93.0,0.8683298826217651
151,0.9350000023841858,0.8666666746139526,151.0,0.8287671208381653,0.5856241583824158,0.7134771347045898,93.0,0.8683298826217651
152,0.9399999976158142,0.8666666746139526,152.0,0.8287671208381653,0.5861387848854065,0.7136228680610657,93.0,0.8683298826217651
153,0.9399999976158142,0.8666666746139526,153.0,0.8219178318977356,0.5863504409790039,0.7132672667503357,93.0,0.8683298826217651
154,0.9449999928474426,0.8666666746139526,154.0,0.8219178318977356,0.5858790278434753,0.7129291892051697,93.0,0.8683298826217651
155,0.9350000023841858,0.8666666746139526,155.0,0.8287671208381653,0.5865586996078491,0.7137948274612427,93.0,0.8683298826217651
156,0.9350000023841858,0.8666666746139526,156.0,0.8424657583236694,0.5863849520683289,0.7135383486747742,93.0,0.8683298826217651
157,0.9350000023841858,0.8666666746139526,157.0,0.8630136847496033,0.5869725942611694,0.7141387462615967,157.0,0.8735089302062988
158,0.9399999976158142,0.8666666746139526,158.0,0.8493150472640991,0.5879404544830322,0.7147974371910095,157.0,0.8735089302062988
159,0.9399999976158142,0.8666666746139526,159.0,0.8219178318977356,0.5889089107513428,0.7156747579574585,157.0,0.8735089302062988
160,0.9399999976158142,0.8666666746139526,160.0,0.8287671208381653,0.5886987447738647,0.7153541445732117,157.0,0.8735089302062988
161,0.9399999976158142,0.8666666746139526,161.0,0.8219178318977356,0.5887408256530762,0.7149985432624817,157.0,0.8735089302062988
162,0.9399999976158142,0.8666666746139526,162.0,0.8287671208381653,0.5878337025642395,0.714360237121582,157.0,0.8735089302062988
163,0.9399999976158142,0.8666666746139526,163.0,0.8287671208381653,0.5876834392547607,0.7145059704780579,157.0,0.8735089302062988
164,0.9350000023841858,0.8666666746139526,164.0,0.8287671208381653,0.5869141221046448,0.713858962059021,157.0,0.8735089302062988
165,0.9350000023841858,0.8666666746139526,165.0,0.8287671208381653,0.5859304666519165,0.7130573987960815,157.0,0.8735089302062988
166,0.9350000023841858,0.8666666746139526,166.0,0.8287671208381653,0.5848199129104614,0.7121539115905762,157.0,0.8735089302062988
167,0.9350000023841858,0.8444444537162781,167.0,0.835616409778595,0.5852469801902771,0.7123171091079712,157.0,0.8735089302062988
168,0.9350000023841858,0.8444444537162781,168.0,0.8287671208381653,0.5857111811637878,0.7123724818229675,157.0,0.8735089302062988
169,0.9350000023841858,0.8222222328186035,169.0,0.8287671208381653,0.585870087146759,0.7124453783035278,157.0,0.8735089302062988
170,0.9350000023841858,0.8222222328186035,170.0,0.8287671208381653,0.5859830379486084,0.7124278545379639,157.0,0.8735089302062988
171,0.9350000023841858,0.8222222328186035,171.0,0.8287671208381653,0.5868716239929199,0.7130661606788635,157.0,0.8735089302062988
172,0.9300000071525574,0.8444444537162781,172.0,0.8287671208381653,0.5855311751365662,0.7119090557098389,157.0,0.8735089302062988
173,0.925000011920929,0.8444444537162781,173.0,0.8287671208381653,0.5842810869216919,0.710906445980072,157.0,0.8735089302062988
174,0.925000011920929,0.8444444537162781,174.0,0.8287671208381653,0.584028959274292,0.7107519507408142,157.0,0.8735089302062988
175,0.925000011920929,0.8444444537162781,175.0,0.8287671208381653,0.584217369556427,0.7107053399085999,157.0,0.8735089302062988
176,0.925000011920929,0.8444444537162781,176.0,0.8287671208381653,0.5843184590339661,0.7104954719543457,157.0,0.8735089302062988
177,0.925000011920929,0.8444444537162781,177.0,0.8287671208381653,0.58342444896698,0.7095832228660583,157.0,0.8735089302062988
178,0.925000011920929,0.8666666746139526,178.0,0.835616409778595,0.5810758471488953,0.7068930268287659,157.0,0.8735089302062988
179,0.925000011920929,0.8666666746139526,179.0,0.8287671208381653,0.5813525319099426,0.7073214650154114,157.0,0.8735089302062988
180,0.9200000166893005,0.8444444537162781,180.0,0.835616409778595,0.5817897915840149,0.7076596021652222,157.0,0.8735089302062988
181,0.9200000166893005,0.8444444537162781,181.0,0.835616409778595,0.5822046399116516,0.7078052759170532,157.0,0.8735089302062988
182,0.9200000166893005,0.8444444537162781,182.0,0.835616409778595,0.5828824639320374,0.7078052759170532,157.0,0.8735089302062988
183,0.9200000166893005,0.8444444537162781,183.0,0.835616409778595,0.5836978554725647,0.7084057331085205,157.0,0.8735089302062988
184,0.925000011920929,0.8444444537162781,184.0,0.8424657583236694,0.5844900012016296,0.7092451453208923,157.0,0.8735089302062988
185,0.925000011920929,0.8444444537162781,185.0,0.8219178318977356,0.586097240447998,0.7111425399780273,157.0,0.8735089302062988
186,0.925000011920929,0.8444444537162781,186.0,0.8219178318977356,0.586728572845459,0.711434006690979,157.0,0.8735089302062988
187,0.925000011920929,0.8444444537162781,187.0,0.835616409778595,0.5882329940795898,0.713331401348114,157.0,0.8735089302062988
188,0.925000011920929,0.8222222328186035,188.0,0.8287671208381653,0.5883316397666931,0.7133955359458923,157.0,0.8735089302062988
189,0.925000011920929,0.8444444537162781,189.0,0.8219178318977356,0.5887937545776367,0.713660717010498,157.0,0.8735089302062988
190,0.925000011920929,0.8444444537162781,190.0,0.8287671208381653,0.5885083675384521,0.7134596109390259,157.0,0.8735089302062988
191,0.925000011920929,0.8444444537162781,191.0,0.835616409778595,0.5876345634460449,0.7126930952072144,157.0,0.8735089302062988
192,0.9200000166893005,0.8444444537162781,192.0,0.835616409778595,0.5871413946151733,0.7120635509490967,157.0,0.8735089302062988
193,0.9200000166893005,0.8444444537162781,193.0,0.8219178318977356,0.5862558484077454,0.7111803889274597,157.0,0.8735089302062988
194,0.925000011920929,0.8444444537162781,194.0,0.8219178318977356,0.5863676071166992,0.711090087890625,157.0,0.8735089302062988
195,0.925000011920929,0.8444444537162781,195.0,0.8219178318977356,0.5864603519439697,0.711090087890625,157.0,0.8735089302062988
196,0.925000011920929,0.8444444537162781,196.0,0.8219178318977356,0.5856127738952637,0.7103235125541687,157.0,0.8735089302062988
197,0.9200000166893005,0.8444444537162781,197.0,0.835616409778595,0.5855916142463684,0.7102769017219543,157.0,0.8735089302062988
198,0.9200000166893005,0.8444444537162781,198.0,0.835616409778595,0.5857048630714417,0.7102302312850952,157.0,0.8735089302062988
199,0.9200000166893005,0.8444444537162781,199.0,0.835616409778595,0.5865187644958496,0.7109880447387695,157.0,0.8735089302062988
200,0.9200000166893005,0.8666666746139526,200.0,0.835616409778595,0.5868532061576843,0.7111687660217285,157.0,0.8735089302062988
201,0.9200000166893005,0.8666666746139526,201.0,0.835616409778595,0.586846649646759,0.7112882733345032,157.0,0.8735089302062988
202,0.9200000166893005,0.8666666746139526,202.0,0.8219178318977356,0.5862619280815125,0.7108248472213745,157.0,0.8735089302062988
203,0.9200000166893005,0.8444444537162781,203.0,0.8219178318977356,0.5867582559585571,0.7114631533622742,157.0,0.8735089302062988
204,0.9200000166893005,0.8666666746139526,204.0,0.835616409778595,0.5869006514549255,0.7115068435668945,157.0,0.8735089302062988
205,0.9200000166893005,0.8888888955116272,205.0,0.835616409778595,0.5874184370040894,0.7120635509490967,157.0,0.8735089302062988
206,0.9200000166893005,0.8888888955116272,206.0,0.835616409778595,0.587165892124176,0.7117079496383667,157.0,0.8735089302062988
207,0.925000011920929,0.8666666746139526,207.0,0.835616409778595,0.5866047739982605,0.7113348841667175,157.0,0.8735089302062988
208,0.925000011920929,0.8666666746139526,208.0,0.835616409778595,0.5856208801269531,0.7103235125541687,157.0,0.8735089302062988
209,0.925000011920929,0.8888888955116272,209.0,0.8219178318977356,0.5857992172241211,0.7105421423912048,157.0,0.8735089302062988
210,0.9150000214576721,0.8666666746139526,210.0,0.835616409778595,0.5853539109230042,0.7103410363197327,157.0,0.8735089302062988
211,0.9200000166893005,0.8666666746139526,211.0,0.835616409778595,0.5860791206359863,0.7110346555709839,157.0,0.8735089302062988
212,0.9200000166893005,0.8666666746139526,212.0,0.8287671208381653,0.5866362452507019,0.71160888671875,157.0,0.8735089302062988
213,0.925000011920929,0.8666666746139526,213.0,0.835616409778595,0.5867350697517395,0.711591362953186,157.0,0.8735089302062988
214,0.925000011920929,0.8666666746139526,214.0,0.8287671208381653,0.5871995091438293,0.7117546200752258,157.0,0.8735089302062988
215,0.925000011920929,0.8666666746139526,215.0,0.8287671208381653,0.5878772139549255,0.712101399898529,157.0,0.8735089302062988
216,0.925000011920929,0.8666666746139526,216.0,0.8150684833526611,0.587088406085968,0.7115563750267029,157.0,0.8735089302062988
217,0.925000011920929,0.8444444537162781,217.0,0.8082191944122314,0.5870975255966187,0.7113378047943115,157.0,0.8735089302062988
218,0.9200000166893005,0.8444444537162781,218.0,0.8082191944122314,0.5878064632415771,0.7118303775787354,157.0,0.8735089302062988
219,0.9150000214576721,0.8888888955116272,219.0,0.835616409778595,0.5868456363677979,0.711081326007843,157.0,0.8735089302062988
220,0.9150000214576721,0.8888888955116272,220.0,0.8424657583236694,0.5840118527412415,0.7087612748146057,157.0,0.8735089302062988
221,0.9150000214576721,0.8666666746139526,221.0,0.835616409778595,0.5845725536346436,0.7092276215553284,157.0,0.8735089302062988
222,0.9150000214576721,0.8666666746139526,222.0,0.835616409778595,0.5858491659164429,0.7103060483932495,157.0,0.8735089302062988
223,0.9200000166893005,0.8666666746139526,223.0,0.8287671208381653,0.5864976644515991,0.7109355926513672,157.0,0.8735089302062988
224,0.9150000214576721,0.8666666746139526,224.0,0.835616409778595,0.585930347442627,0.710224449634552,157.0,0.8735089302062988
225,0.9150000214576721,0.8888888955116272,225.0,0.835616409778595,0.5855909585952759,0.709685206413269,157.0,0.8735089302062988
226,0.9150000214576721,0.8666666746139526,226.0,0.8287671208381653,0.5841713547706604,0.7088545560836792,157.0,0.8735089302062988
227,0.9100000262260437,0.8666666746139526,227.0,0.8287671208381653,0.5836964845657349,0.7084435820579529,157.0,0.8735089302062988
228,0.9150000214576721,0.8666666746139526,228.0,0.8150684833526611,0.5843188762664795,0.7088574767112732,157.0,0.8735089302062988
229,0.9150000214576721,0.8666666746139526,229.0,0.8082191944122314,0.5845394730567932,0.709186851978302,157.0,0.8735089302062988
230,0.9150000214576721,0.8666666746139526,230.0,0.8287671208381653,0.5843700170516968,0.7088837027549744,157.0,0.8735089302062988
231,0.9200000166893005,0.8666666746139526,231.0,0.8287671208381653,0.5839821100234985,0.7081696391105652,157.0,0.8735089302062988
232,0.9150000214576721,0.8444444537162781,232.0,0.835616409778595,0.5842894315719604,0.7092276215553284,157.0,0.8735089302062988
233,0.9150000214576721,0.8666666746139526,233.0,0.8287671208381653,0.5838617086410522,0.7082512378692627,157.0,0.8735089302062988
234,0.9200000166893005,0.8444444537162781,234.0,0.8287671208381653,0.5834977030754089,0.707630455493927,157.0,0.8735089302062988
235,0.9200000166893005,0.8444444537162781,235.0,0.8287671208381653,0.584125816822052,0.7079131603240967,157.0,0.8735089302062988
236,0.9200000166893005,0.8444444537162781,236.0,0.835616409778595,0.585516095161438,0.7094199657440186,157.0,0.8735089302062988
237,0.9200000166893005,0.8444444537162781,237.0,0.835616409778595,0.5865123867988586,0.7105770707130432,157.0,0.8735089302062988
238,0.9200000166893005,0.8444444537162781,238.0,0.8287671208381653,0.5884894132614136,0.7127659320831299,157.0,0.8735089302062988
239,0.9200000166893005,0.8444444537162781,239.0,0.8150684833526611,0.588106632232666,0.712465763092041,157.0,0.8735089302062988
240,0.9200000166893005,0.8444444537162781,240.0,0.8219178318977356,0.5868158340454102,0.7109880447387695,157.0,0.8735089302062988
241,0.9200000166893005,0.8444444537162781,241.0,0.8219178318977356,0.5868275761604309,0.7111250162124634,157.0,0.8735089302062988
242,0.9200000166893005,0.8444444537162781,242.0,0.8150684833526611,0.5863478183746338,0.7108248472213745,157.0,0.8735089302062988
243,0.9200000166893005,0.8222222328186035,243.0,0.8219178318977356,0.586067259311676,0.7101953029632568,157.0,0.8735089302062988
244,0.9200000166893005,0.8222222328186035,244.0,0.8150684833526611,0.5859871506690979,0.710387647151947,157.0,0.8735089302062988
245,0.9150000214576721,0.8222222328186035,245.0,0.8219178318977356,0.5831924676895142,0.7079160809516907,157.0,0.8735089302062988
246,0.9150000214576721,0.8222222328186035,246.0,0.8219178318977356,0.5818727612495422,0.7069863080978394,157.0,0.8735089302062988
247,0.9150000214576721,0.8222222328186035,247.0,0.835616409778595,0.5813577771186829,0.7065111994743347,157.0,0.8735089302062988
248,0.9150000214576721,0.8222222328186035,248.0,0.835616409778595,0.5813965201377869,0.7066569328308105,157.0,0.8735089302062988
249,0.9150000214576721,0.8222222328186035,249.0,0.835616409778595,0.5832891464233398,0.7082803845405579,157.0,0.8735089302062988
250,0.9150000214576721,0.8222222328186035,250.0,0.8082191944122314,0.584176242351532,0.7088837027549744,157.0,0.8735089302062988
251,0.9150000214576721,0.8222222328186035,251.0,0.8287671208381653,0.5846152901649475,0.7096036076545715,157.0,0.8735089302062988
252,0.9150000214576721,0.8222222328186035,252.0,0.835616409778595,0.5817356705665588,0.7066103219985962,157.0,0.8735089302062988
253,0.9100000262260437,0.8222222328186035,253.0,0.8424657583236694,0.5803627371788025,0.705706775188446,157.0,0.8735089302062988
254,0.9150000214576721,0.8222222328186035,254.0,0.835616409778595,0.5820700526237488,0.7068930268287659,157.0,0.8735089302062988
255,0.9150000214576721,0.8222222328186035,255.0,0.8082191944122314,0.583523690700531,0.7082541584968567,157.0,0.8735089302062988
256,0.9150000214576721,0.8222222328186035,256.0,0.8082191944122314,0.583167552947998,0.7078431844711304,157.0,0.8735089302062988
257,0.9150000214576721,0.8222222328186035,257.0,0.8219178318977356,0.5833442807197571,0.7079335451126099,157.0,0.8735089302062988
258,0.9100000262260437,0.8222222328186035,258.0,0.8287671208381653,0.5831594467163086,0.7082250118255615,157.0,0.8735089302062988
259,0.9049999713897705,0.8222222328186035,259.0,0.835616409778595,0.5828871130943298,0.7078140377998352,157.0,0.8735089302062988
260,0.9100000262260437,0.8222222328186035,260.0,0.8287671208381653,0.5823183059692383,0.7073593735694885,157.0,0.8735089302062988
261,0.9049999713897705,0.8222222328186035,261.0,0.835616409778595,0.5826868414878845,0.7074963450431824,157.0,0.8735089302062988
262,0.9100000262260437,0.8222222328186035,262.0,0.8287671208381653,0.5825096964836121,0.7074963450431824,157.0,0.8735089302062988
263,0.9150000214576721,0.8222222328186035,263.0,0.8150684833526611,0.5823723673820496,0.7071582674980164,157.0,0.8735089302062988
264,0.9100000262260437,0.800000011920929,264.0,0.8219178318977356,0.5821998119354248,0.707440972328186,157.0,0.8735089302062988
265,0.9049999713897705,0.8222222328186035,265.0,0.835616409778595,0.5805869698524475,0.7062547206878662,157.0,0.8735089302062988
266,0.9049999713897705,0.8222222328186035,266.0,0.835616409778595,0.5807815194129944,0.7063917517662048,157.0,0.8735089302062988
267,0.9049999713897705,0.8222222328186035,267.0,0.8219178318977356,0.5812360644340515,0.7067385315895081,157.0,0.8735089302062988
268,0.9049999713897705,0.8222222328186035,268.0,0.8219178318977356,0.580840528011322,0.7063829898834229,157.0,0.8735089302062988
269,0.9049999713897705,0.8222222328186035,269.0,0.835616409778595,0.5798749327659607,0.7059545516967773,157.0,0.8735089302062988
270,0.9049999713897705,0.8222222328186035,270.0,0.835616409778595,0.57923424243927,0.7058000564575195,157.0,0.8735089302062988
271,0.9049999713897705,0.8222222328186035,271.0,0.8493150472640991,0.579871654510498,0.7064471244812012,157.0,0.8735089302062988
272,0.9100000262260437,0.8222222328186035,272.0,0.835616409778595,0.5810577273368835,0.7072311043739319,157.0,0.8735089302062988
273,0.9100000262260437,0.8222222328186035,273.0,0.8287671208381653,0.5817586779594421,0.7079801559448242,157.0,0.8735089302062988
274,0.9049999713897705,0.8222222328186035,274.0,0.8150684833526611,0.5814139246940613,0.7077615857124329,157.0,0.8735089302062988
275,0.9100000262260437,0.8222222328186035,275.0,0.8150684833526611,0.5807132720947266,0.7071145176887512,157.0,0.8735089302062988
276,0.9100000262260437,0.8222222328186035,276.0,0.8219178318977356,0.5799126029014587,0.7063392400741577,157.0,0.8735089302062988
277,0.9100000262260437,0.8222222328186035,277.0,0.8424657583236694,0.5806600451469421,0.7069775462150574,157.0,0.8735089302062988
278,0.9100000262260437,0.8222222328186035,278.0,0.8219178318977356,0.5811679363250732,0.7075167298316956,157.0,0.8735089302062988
279,0.9150000214576721,0.8444444537162781,279.0,0.8150684833526611,0.5810694694519043,0.7067152261734009,157.0,0.8735089302062988
280,0.9100000262260437,0.8222222328186035,280.0,0.8150684833526611,0.5803270936012268,0.7061672806739807,157.0,0.8735089302062988
281,0.9100000262260437,0.8222222328186035,281.0,0.8424657583236694,0.5791518688201904,0.7056106328964233,157.0,0.8735089302062988
282,0.9100000262260437,0.8222222328186035,282.0,0.8424657583236694,0.5779829025268555,0.7047712206840515,157.0,0.8735089302062988
283,0.9100000262260437,0.8222222328186035,283.0,0.8150684833526611,0.5793850421905518,0.7059311866760254,157.0,0.8735089302062988
284,0.9100000262260437,0.8222222328186035,284.0,0.8150684833526611,0.5797179341316223,0.7050918340682983,157.0,0.8735089302062988
285,0.9100000262260437,0.8444444537162781,285.0,0.8150684833526611,0.5800693035125732,0.7056660056114197,157.0,0.8735089302062988
286,0.9150000214576721,0.8444444537162781,286.0,0.8424657583236694,0.5803678631782532,0.7058117389678955,157.0,0.8735089302062988
287,0.9200000166893005,0.8444444537162781,287.0,0.8424657583236694,0.5809128284454346,0.7063043117523193,157.0,0.8735089302062988
288,0.9200000166893005,0.8444444537162781,288.0,0.8424657583236694,0.5808220505714417,0.706231415271759,157.0,0.8735089302062988
289,0.9150000214576721,0.8444444537162781,289.0,0.8287671208381653,0.5798786878585815,0.7052200436592102,157.0,0.8735089302062988
290,0.9150000214576721,0.8444444537162781,290.0,0.8493150472640991,0.5781466960906982,0.7040687799453735,157.0,0.8735089302062988
291,0.9150000214576721,0.8444444537162781,291.0,0.8424657583236694,0.5782449245452881,0.704334020614624,157.0,0.8735089302062988
292,0.9150000214576721,0.8666666746139526,292.0,0.8493150472640991,0.5786018371582031,0.7048178315162659,157.0,0.8735089302062988
293,0.9150000214576721,0.8666666746139526,293.0,0.8287671208381653,0.5784147381782532,0.704517662525177,157.0,0.8735089302062988
294,0.9150000214576721,0.8666666746139526,294.0,0.8150684833526611,0.5781104564666748,0.703652024269104,157.0,0.8735089302062988
295,0.9150000214576721,0.8444444537162781,295.0,0.8150684833526611,0.5781634449958801,0.702774703502655,157.0,0.8735089302062988
296,0.9150000214576721,0.8444444537162781,296.0,0.8219178318977356,0.5782256126403809,0.7028563022613525,157.0,0.8735089302062988
297,0.9150000214576721,0.8666666746139526,297.0,0.8493150472640991,0.5789349675178528,0.7037219405174255,157.0,0.8735089302062988
298,0.9150000214576721,0.8666666746139526,298.0,0.8493150472640991,0.5787419676780701,0.7039055824279785,157.0,0.8735089302062988
299,0.9150000214576721,0.8666666746139526,299.0,0.835616409778595,0.5788417458534241,0.7040250897407532,157.0,0.8735089302062988
300,0.9150000214576721,0.8666666746139526,300.0,0.8219178318977356,0.5793625712394714,0.704508900642395,157.0,0.8735089302062988
301,0.9150000214576721,0.8666666746139526,301.0,0.8287671208381653,0.5796744227409363,0.704517662525177,157.0,0.8735089302062988
302,0.9100000262260437,0.8444444537162781,302.0,0.8150684833526611,0.5797735452651978,0.7049752473831177,157.0,0.8735089302062988
303,0.9100000262260437,0.8444444537162781,303.0,0.8150684833526611,0.5803532004356384,0.7054765224456787,157.0,0.8735089302062988
304,0.9150000214576721,0.8444444537162781,304.0,0.8287671208381653,0.5797691345214844,0.7045263648033142,157.0,0.8735089302062988
305,0.9150000214576721,0.8444444537162781,305.0,0.8493150472640991,0.579748809337616,0.7046983242034912,157.0,0.8735089302062988
306,0.9150000214576721,0.8444444537162781,306.0,0.8219178318977356,0.5790871381759644,0.7037044763565063,157.0,0.8735089302062988
307,0.9150000214576721,0.8444444537162781,307.0,0.8287671208381653,0.5795345306396484,0.7044797539710999,157.0,0.8735089302062988
308,0.9150000214576721,0.8666666746139526,308.0,0.8493150472640991,0.5797058939933777,0.7045613527297974,157.0,0.8735089302062988
309,0.9150000214576721,0.8444444537162781,309.0,0.8493150472640991,0.5790954232215881,0.7046079635620117,157.0,0.8735089302062988
310,0.9150000214576721,0.8666666746139526,310.0,0.835616409778595,0.5788815021514893,0.704170823097229,157.0,0.8735089302062988
311,0.9150000214576721,0.8666666746139526,311.0,0.835616409778595,0.5787293314933777,0.7039055824279785,157.0,0.8735089302062988
312,0.9150000214576721,0.8666666746139526,312.0,0.8493150472640991,0.5790692567825317,0.7039142847061157,157.0,0.8735089302062988
313,0.9150000214576721,0.8666666746139526,313.0,0.8493150472640991,0.5790596604347229,0.7034217715263367,157.0,0.8735089302062988
314,0.9150000214576721,0.8666666746139526,314.0,0.8493150472640991,0.5797325968742371,0.7042611241340637,157.0,0.8735089302062988
315,0.9150000214576721,0.8666666746139526,315.0,0.8493150472640991,0.5799914598464966,0.7044156193733215,157.0,0.8735089302062988
316,0.9150000214576721,0.8666666746139526,316.0,0.8493150472640991,0.5796032547950745,0.7037860751152039,157.0,0.8735089302062988
317,0.9150000214576721,0.8666666746139526,317.0,0.835616409778595,0.5789965987205505,0.7031477689743042,157.0,0.8735089302062988
318,0.9150000214576721,0.8666666746139526,318.0,0.8287671208381653,0.5781689286231995,0.702436625957489,157.0,0.8735089302062988
319,0.9150000214576721,0.8666666746139526,319.0,0.8493150472640991,0.578069806098938,0.7030749320983887,157.0,0.8735089302062988
320,0.9150000214576721,0.8666666746139526,320.0,0.8493150472640991,0.5778582692146301,0.7026464343070984,157.0,0.8735089302062988
321,0.9150000214576721,0.8666666746139526,321.0,0.8493150472640991,0.5773271322250366,0.7023637294769287,157.0,0.8735089302062988
322,0.9150000214576721,0.8666666746139526,322.0,0.8424657583236694,0.5766344666481018,0.701725423336029,157.0,0.8735089302062988
323,0.9150000214576721,0.8666666746139526,323.0,0.8287671208381653,0.5769422650337219,0.701570987701416,157.0,0.8735089302062988
324,0.9150000214576721,0.8666666746139526,324.0,0.8287671208381653,0.577691912651062,0.7024832367897034,157.0,0.8735089302062988
325,0.9150000214576721,0.8666666746139526,325.0,0.835616409778595,0.5776690244674683,0.7024919986724854,157.0,0.8735089302062988
326,0.9150000214576721,0.8666666746139526,326.0,0.8493150472640991,0.577075719833374,0.7019527554512024,157.0,0.8735089302062988
327,0.9150000214576721,0.8666666746139526,327.0,0.8493150472640991,0.5772897005081177,0.7023724913597107,157.0,0.8735089302062988
328,0.9150000214576721,0.8666666746139526,328.0,0.8287671208381653,0.5771851539611816,0.7022179961204529,157.0,0.8735089302062988
329,0.9150000214576721,0.8666666746139526,329.0,0.8287671208381653,0.5769301056861877,0.7022005319595337,157.0,0.8735089302062988
330,0.9150000214576721,0.8666666746139526,330.0,0.8287671208381653,0.5770490765571594,0.702264666557312,157.0,0.8735089302062988
331,0.9150000214576721,0.8666666746139526,331.0,0.835616409778595,0.5769563913345337,0.7024832367897034,157.0,0.8735089302062988
332,0.9150000214576721,0.8666666746139526,332.0,0.8493150472640991,0.5763035416603088,0.7016962766647339,157.0,0.8735089302062988
333,0.9150000214576721,0.8666666746139526,333.0,0.8561643958091736,0.5762013792991638,0.701742947101593,157.0,0.8735089302062988
334,0.9150000214576721,0.8666666746139526,334.0,0.8287671208381653,0.5767629742622375,0.7019440531730652,157.0,0.8735089302062988
335,0.9150000214576721,0.8666666746139526,335.0,0.835616409778595,0.576697587966919,0.7018711566925049,157.0,0.8735089302062988
336,0.9150000214576721,0.8666666746139526,336.0,0.8287671208381653,0.5767611861228943,0.702081024646759,157.0,0.8735089302062988
337,0.9150000214576721,0.8666666746139526,337.0,0.8493150472640991,0.5768985748291016,0.702244222164154,157.0,0.8735089302062988
338,0.9150000214576721,0.8666666746139526,338.0,0.8561643958091736,0.5772029757499695,0.7023899555206299,157.0,0.8735089302062988
339,0.9150000214576721,0.8666666746139526,339.0,0.8561643958091736,0.57724529504776,0.702591061592102,157.0,0.8735089302062988
340,0.9150000214576721,0.8666666746139526,340.0,0.8493150472640991,0.5766942501068115,0.7019527554512024,157.0,0.8735089302062988
341,0.9150000214576721,0.8666666746139526,341.0,0.8493150472640991,0.5766004920005798,0.7017516493797302,157.0,0.8735089302062988
342,0.9150000214576721,0.8666666746139526,342.0,0.8561643958091736,0.5769512057304382,0.7023724913597107,157.0,0.8735089302062988
343,0.9150000214576721,0.8666666746139526,343.0,0.8287671208381653,0.5770986676216125,0.7022092938423157,157.0,0.8735089302062988
344,0.9150000214576721,0.8666666746139526,344.0,0.8287671208381653,0.5763846039772034,0.7016904950141907,157.0,0.8735089302062988
345,0.9150000214576721,0.8666666746139526,345.0,0.8287671208381653,0.5764132738113403,0.7018362283706665,157.0,0.8735089302062988
346,0.9150000214576721,0.8666666746139526,346.0,0.835616409778595,0.5767948031425476,0.702072262763977,157.0,0.8735089302062988
347,0.9150000214576721,0.8666666746139526,347.0,0.8561643958091736,0.5766968131065369,0.7022821307182312,157.0,0.8735089302062988
348,0.9150000214576721,0.8666666746139526,348.0,0.8493150472640991,0.5768610239028931,0.7023462653160095,157.0,0.8735089302062988
349,0.9150000214576721,0.8666666746139526,349.0,0.8493150472640991,0.5773857831954956,0.7027280926704407,157.0,0.8735089302062988
350,0.9150000214576721,0.8666666746139526,350.0,0.8561643958091736,0.5771560668945312,0.702436625957489,157.0,0.8735089302062988
351,0.9150000214576721,0.8666666746139526,351.0,0.8561643958091736,0.5773131847381592,0.7022267580032349,157.0,0.8735089302062988
352,0.9150000214576721,0.8666666746139526,352.0,0.8424657583236694,0.5773554444313049,0.7021538615226746,157.0,0.8735089302062988
353,0.9150000214576721,0.8666666746139526,353.0,0.8561643958091736,0.5775009989738464,0.7022179961204529,157.0,0.8735089302062988
354,0.9150000214576721,0.8666666746139526,354.0,0.8561643958091736,0.5771841406822205,0.7019994258880615,157.0,0.8735089302062988
355,0.9150000214576721,0.8666666746139526,355.0,0.8561643958091736,0.5772794485092163,0.7022179961204529,157.0,0.8735089302062988
356,0.9150000214576721,0.8666666746139526,356.0,0.835616409778595,0.5772682428359985,0.7021451592445374,157.0,0.8735089302062988
357,0.9150000214576721,0.8666666746139526,357.0,0.8493150472640991,0.5776336193084717,0.7025007009506226,157.0,0.8735089302062988
358,0.9150000214576721,0.8666666746139526,358.0,0.8561643958091736,0.5773940086364746,0.7022821307182312,157.0,0.8735089302062988
359,0.9150000214576721,0.8666666746139526,359.0,0.8424657583236694,0.5772868394851685,0.7023375034332275,157.0,0.8735089302062988
360,0.9150000214576721,0.8666666746139526,360.0,0.8287671208381653,0.5765188336372375,0.7015359997749329,157.0,0.8735089302062988
361,0.9150000214576721,0.8666666746139526,361.0,0.8493150472640991,0.5764212012290955,0.701745867729187,157.0,0.8735089302062988
362,0.9150000214576721,0.8666666746139526,362.0,0.8561643958091736,0.5768409967422485,0.7021101713180542,157.0,0.8735089302062988
363,0.9150000214576721,0.8666666746139526,363.0,0.8561643958091736,0.5770718455314636,0.7023375034332275,157.0,0.8735089302062988
364,0.9150000214576721,0.8666666746139526,364.0,0.8424657583236694,0.5769978761672974,0.7023287415504456,157.0,0.8735089302062988
365,0.9150000214576721,0.8666666746139526,365.0,0.8219178318977356,0.5760439038276672,0.7014544010162354,157.0,0.8735089302062988
366,0.9150000214576721,0.8444444537162781,366.0,0.8493150472640991,0.5762441158294678,0.7023112773895264,157.0,0.8735089302062988
367,0.9150000214576721,0.8444444537162781,367.0,0.8424657583236694,0.5757986903190613,0.7018740773200989,157.0,0.8735089302062988
368,0.9150000214576721,0.8444444537162781,368.0,0.8493150472640991,0.5758757591247559,0.7018828392028809,157.0,0.8735089302062988
369,0.9150000214576721,0.8444444537162781,369.0,0.8493150472640991,0.5757462382316589,0.7018828392028809,157.0,0.8735089302062988
370,0.9150000214576721,0.8444444537162781,370.0,0.8561643958091736,0.5749367475509644,0.7015359997749329,157.0,0.8735089302062988
371,0.9150000214576721,0.8666666746139526,371.0,0.8561643958091736,0.5745327472686768,0.701052188873291,157.0,0.8735089302062988
372,0.9150000214576721,0.8666666746139526,372.0,0.8561643958091736,0.5751031637191772,0.701553463935852,157.0,0.8735089302062988
373,0.9150000214576721,0.8666666746139526,373.0,0.8424657583236694,0.5757039785385132,0.7021655440330505,157.0,0.8735089302062988
374,0.9150000214576721,0.8666666746139526,374.0,0.8219178318977356,0.5750114917755127,0.70157390832901,157.0,0.8735089302062988
375,0.9100000262260437,0.8666666746139526,375.0,0.8150684833526611,0.5750770568847656,0.7014194130897522,157.0,0.8735089302062988
376,0.9150000214576721,0.8666666746139526,376.0,0.8493150472640991,0.5754650235176086,0.7016088366508484,157.0,0.8735089302062988
377,0.9150000214576721,0.8444444537162781,377.0,0.8561643958091736,0.575661838054657,0.701553463935852,157.0,0.8735089302062988
378,0.9150000214576721,0.8666666746139526,378.0,0.8561643958091736,0.5756073594093323,0.7015447616577148,157.0,0.8735089302062988
379,0.9100000262260437,0.8666666746139526,379.0,0.8561643958091736,0.5759872198104858,0.7019003033638,157.0,0.8735089302062988
380,0.9049999713897705,0.8666666746139526,380.0,0.8287671208381653,0.5758682489395142,0.7016642093658447,157.0,0.8735089302062988
381,0.9049999713897705,0.8666666746139526,381.0,0.8287671208381653,0.5759810209274292,0.701728343963623,157.0,0.8735089302062988
382,0.9049999713897705,0.8666666746139526,382.0,0.8493150472640991,0.5764241814613342,0.7020460367202759,157.0,0.8735089302062988
383,0.9100000262260437,0.8666666746139526,383.0,0.8561643958091736,0.5764915943145752,0.7021917700767517,157.0,0.8735089302062988
384,0.9100000262260437,0.8666666746139526,384.0,0.8561643958091736,0.5766026973724365,0.7023928761482239,157.0,0.8735089302062988
385,0.9150000214576721,0.8666666746139526,385.0,0.8561643958091736,0.5767399072647095,0.702081024646759,157.0,0.8735089302062988
386,0.9150000214576721,0.8444444537162781,386.0,0.8561643958091736,0.5768446326255798,0.7019994258880615,157.0,0.8735089302062988
387,0.9150000214576721,0.8666666746139526,387.0,0.8630136847496033,0.5765033960342407,0.7021189332008362,157.0,0.8735089302062988
388,0.9150000214576721,0.8666666746139526,388.0,0.8630136847496033,0.5758963227272034,0.7017633318901062,157.0,0.8735089302062988
389,0.9150000214576721,0.8666666746139526,389.0,0.8630136847496033,0.5762583017349243,0.7021917700767517,157.0,0.8735089302062988
390,0.9150000214576721,0.8666666746139526,390.0,0.8630136847496033,0.576400637626648,0.7025473713874817,157.0,0.8735089302062988
391,0.9150000214576721,0.8666666746139526,391.0,0.8561643958091736,0.5766515135765076,0.7025007009506226,157.0,0.8735089302062988
392,0.9150000214576721,0.8666666746139526,392.0,0.8630136847496033,0.576542854309082,0.7023550271987915,157.0,0.8735089302062988
393,0.9150000214576721,0.8888888955116272,393.0,0.8561643958091736,0.5765907168388367,0.7022821307182312,157.0,0.8735089302062988
394,0.9150000214576721,0.8888888955116272,394.0,0.8424657583236694,0.5765382051467896,0.7023375034332275,157.0,0.8735089302062988
395,0.9150000214576721,0.8666666746139526,395.0,0.8287671208381653,0.5761157870292664,0.7019819021224976,157.0,0.8735089302062988
396,0.9150000214576721,0.8666666746139526,396.0,0.8493150472640991,0.5764567852020264,0.7022821307182312,157.0,0.8735089302062988
397,0.9150000214576721,0.8666666746139526,397.0,0.8561643958091736,0.576942503452301,0.7027921676635742,157.0,0.8735089302062988
398,0.9150000214576721,0.8666666746139526,398.0,0.8561643958091736,0.5769452452659607,0.7028009295463562,157.0,0.8735089302062988
399,0.9150000214576721,0.8666666746139526,399.0,0.8561643958091736,0.5770623683929443,0.7030107975006104,157.0,0.8735089302062988
400,0.9150000214576721,0.8666666746139526,400.0,0.8287671208381653,0.5769055485725403,0.7026843428611755,157.0,0.8735089302062988
