~iteration~,epoch,acc_yinda_level0,auc_yinda_level0,mean_acc_auc_yinda_level0,mean_average_precision_at_r_level0,precision_at_1_level0,r_precision_level0,best_epoch,best_accuracy,folder_name,csv_filename
141,141,0.111111111,0.5125,0.311805556,0.726241819,0.777777778,0.783475783,5,0.879444444,shiyan11-Angularloss,best_auc_HOLD_OUT_vs_self.csv
141,141,0.338362069,0.583435341,0.460898705,0.396756333,0.706896552,0.583673567,5,0.6867444,shiyan11-Angularloss,best_auc_TOTAL_vs_self.csv
141,141,0.349315068,0.660887513,0.505101291,0.39971483,0.650684932,0.58329933,6,0.702432249,shiyan11-Angularloss,best_auc_TOTAL_WITHOUT_TRAIN_vs_self.csv
141,141,0.333333333,0.54009434,0.436713836,0.398110119,0.647798742,0.583658728,5,0.680020322,shiyan11-Angularloss,best_auc_TRAIN_vs_self.csv
141,141,0.510204082,0.825833333,0.668018707,0.466727458,0.816326531,0.594646554,141,0.668018707,shiyan11-Angularloss,best_auc_VAL_vs_self.csv
141,141,0.403846154,0.577572965,0.490709559,0.323207635,0.576923077,0.513461538,6,0.703606877,shiyan11-Angularloss,best_auc_ZHEYI_vs_self.csv
22,22,0.888888889,0.795,0.841944444,0.765370873,0.844444444,0.811965812,22,0.841944444,shiyan11-Angularloss-nominer,best_auc_HOLD_OUT_vs_self.csv
22,22,0.661637931,0.647897259,0.654767595,0.412743573,0.726293103,0.592375522,3,0.680634314,shiyan11-Angularloss-nominer,best_auc_TOTAL_vs_self.csv
22,22,0.650684932,0.642724458,0.646704695,0.441113669,0.705479452,0.589863014,20,0.655889421,shiyan11-Angularloss-nominer,best_auc_TOTAL_WITHOUT_TRAIN_vs_self.csv
22,22,0.666666667,0.656283375,0.661475021,0.407211485,0.779874214,0.590881568,3,0.695751009,shiyan11-Angularloss-nominer,best_auc_TRAIN_vs_self.csv
22,22,0.489795918,0.688333333,0.589064626,0.332621852,0.612244898,0.513124815,22,0.589064626,shiyan11-Angularloss-nominer,best_auc_VAL_vs_self.csv
22,22,0.596153846,0.53609831,0.566126078,0.387087376,0.576923077,0.546153846,19,0.665204419,shiyan11-Angularloss-nominer,best_auc_ZHEYI_vs_self.csv
65,65,0.888888889,0.62,0.754444444,0.719819276,0.666666667,0.808689459,54,0.769444444,shiyan11-Angularloss-only,best_auc_HOLD_OUT_vs_self.csv
65,65,0.661637931,0.605551982,0.633594957,0.36901843,0.693965517,0.573112788,61,0.637500639,shiyan11-Angularloss-only,best_auc_TOTAL_vs_self.csv
65,65,0.650684932,0.601135191,0.625910061,0.379792688,0.602739726,0.568085106,61,0.631173219,shiyan11-Angularloss-only,best_auc_TOTAL_WITHOUT_TRAIN_vs_self.csv
65,65,0.666666667,0.61000356,0.638335113,0.368872108,0.691823899,0.574458397,61,0.641450101,shiyan11-Angularloss-only,best_auc_TRAIN_vs_self.csv
65,65,0.489795918,0.716666667,0.603231293,0.294477308,0.448979592,0.50055457,65,0.603231293,shiyan11-Angularloss-only,best_auc_VAL_vs_self.csv
65,65,0.596153846,0.496159754,0.5461568,0.339706169,0.596153846,0.524038462,24,0.578414865,shiyan11-Angularloss-only,best_auc_ZHEYI_vs_self.csv
19,19,0.111111111,0.445,0.278055556,0.755113937,0.911111111,0.81980057,12,0.505555556,shiyan11-Angularloss-only-nominer,best_auc_HOLD_OUT_vs_self.csv
19,19,0.338362069,0.562252329,0.450307199,0.427744566,0.713362069,0.599054498,6,0.516060638,shiyan11-Angularloss-only-nominer,best_auc_TOTAL_vs_self.csv
19,19,0.349315068,0.581836945,0.465576007,0.422845236,0.719178082,0.592605654,11,0.509642054,shiyan11-Angularloss-only-nominer,best_auc_TOTAL_WITHOUT_TRAIN_vs_self.csv
19,19,0.333333333,0.551152545,0.442242939,0.436917246,0.738993711,0.603265444,6,0.526380978,shiyan11-Angularloss-only-nominer,best_auc_TRAIN_vs_self.csv
19,19,0.510204082,0.675,0.592602041,0.329364354,0.816326531,0.505878438,19,0.592602041,shiyan11-Angularloss-only-nominer,best_auc_VAL_vs_self.csv
19,19,0.403846154,0.488479263,0.446162708,0.382775137,0.634615385,0.552884615,11,0.522199575,shiyan11-Angularloss-only-nominer,best_auc_ZHEYI_vs_self.csv
33,33,0.822222222,0.96,0.891111111,0.794948434,0.866666667,0.842022792,33,0.891111111,shiyan11-ArcFaceLoss,best_auc_HOLD_OUT_vs_self.csv
33,33,0.790948276,0.877051391,0.833999833,0.567894326,0.765086207,0.705030144,33,0.833999833,shiyan11-ArcFaceLoss,best_auc_TOTAL_vs_self.csv
33,33,0.732876712,0.844169247,0.788522979,0.499098389,0.726027397,0.645727193,32,0.788935776,shiyan11-ArcFaceLoss,best_auc_TOTAL_WITHOUT_TRAIN_vs_self.csv
33,33,0.817610063,0.892176931,0.854893497,0.599249167,0.77672956,0.726391391,33,0.854893497,shiyan11-ArcFaceLoss,best_auc_TRAIN_vs_self.csv
33,33,0.714285714,0.813333333,0.763809524,0.453846671,0.693877551,0.600488021,33,0.763809524,shiyan11-ArcFaceLoss,best_auc_VAL_vs_self.csv
33,33,0.673076923,0.801843318,0.737460121,0.418671245,0.634615385,0.585576923,31,0.73822817,shiyan11-ArcFaceLoss,best_auc_ZHEYI_vs_self.csv
31,31,0.622222222,0.89,0.756111111,0.77405612,0.911111111,0.833618234,31,0.756111111,shiyan11-ArcFaceLoss-nominer,best_auc_HOLD_OUT_vs_self.csv
31,31,0.74137931,0.874727691,0.808053501,0.476361149,0.778017241,0.6312098,31,0.808053501,shiyan11-ArcFaceLoss-nominer,best_auc_TOTAL_vs_self.csv
31,31,0.684931507,0.870588235,0.777759871,0.449894447,0.760273973,0.603832702,31,0.777759871,shiyan11-ArcFaceLoss-nominer,best_auc_TOTAL_WITHOUT_TRAIN_vs_self.csv
31,31,0.767295597,0.876156995,0.821726296,0.492785444,0.811320755,0.64465054,31,0.821726296,shiyan11-ArcFaceLoss-nominer,best_auc_TRAIN_vs_self.csv
31,31,0.816326531,0.896666667,0.856496599,0.418724393,0.795918367,0.563183969,31,0.856496599,shiyan11-ArcFaceLoss-nominer,best_auc_VAL_vs_self.csv
31,31,0.615384615,0.849462366,0.73242349,0.427976552,0.615384615,0.579487179,31,0.73242349,shiyan11-ArcFaceLoss-nominer,best_auc_ZHEYI_vs_self.csv
5,5,0.888888889,0.365,0.626944444,0.730970039,0.911111111,0.80014245,5,0.626944444,shiyan11-ArcFaceLoss-only,best_auc_HOLD_OUT_vs_self.csv
5,5,0.661637931,0.441409573,0.551523752,0.405085465,0.747844828,0.584146534,3,0.555916997,shiyan11-ArcFaceLoss-only,best_auc_TOTAL_vs_self.csv
5,5,0.650684932,0.407430341,0.529057636,0.401280032,0.732876712,0.578254153,2,0.538448761,shiyan11-ArcFaceLoss-only,best_auc_TOTAL_WITHOUT_TRAIN_vs_self.csv
5,5,0.666666667,0.466068886,0.566367776,0.413635413,0.751572327,0.587876581,3,0.567313397,shiyan11-ArcFaceLoss-only,best_auc_TRAIN_vs_self.csv
5,5,0.489795918,0.448333333,0.469064626,0.330500053,0.755102041,0.519262053,5,0.469064626,shiyan11-ArcFaceLoss-only,best_auc_VAL_vs_self.csv
5,5,0.596153846,0.411674347,0.503914097,0.327285824,0.576923077,0.518910256,2,0.514666785,shiyan11-ArcFaceLoss-only,best_auc_ZHEYI_vs_self.csv
186,186,0.111111111,0.5,0.305555556,0.750297254,0.888888889,0.774928775,131,0.386805556,shiyan11-ArcFaceLoss-only-nominer,best_auc_HOLD_OUT_vs_self.csv
186,186,0.338362069,0.5,0.419181034,0.355444043,0.338362069,0.553153876,131,0.43221035,shiyan11-ArcFaceLoss-only-nominer,best_auc_TOTAL_vs_self.csv
186,186,0.349315068,0.594736842,0.472025955,0.302028753,0.650684932,0.530821918,186,0.472025955,shiyan11-ArcFaceLoss-only-nominer,best_auc_TOTAL_WITHOUT_TRAIN_vs_self.csv
186,186,0.333333333,0.570754717,0.452044025,0.369051688,0.666666667,0.565083907,186,0.452044025,shiyan11-ArcFaceLoss-only-nominer,best_auc_TRAIN_vs_self.csv
186,186,0.510204082,0.854166667,0.682185374,0.328194999,0.489795918,0.504251701,186,0.682185374,shiyan11-ArcFaceLoss-only-nominer,best_auc_VAL_vs_self.csv
186,186,0.403846154,0.822580645,0.6132134,0.264917121,0.596153846,0.393269231,186,0.6132134,shiyan11-ArcFaceLoss-only-nominer,best_auc_ZHEYI_vs_self.csv
111,111,0.844444444,0.89,0.867222222,0.794972171,0.866666667,0.842735043,66,0.900555556,shiyan11-CircleLoss,best_auc_HOLD_OUT_vs_self.csv
111,111,0.920258621,0.959252267,0.939755444,0.771464427,0.887931034,0.840609343,111,0.939755444,shiyan11-CircleLoss,best_auc_TOTAL_vs_self.csv
111,111,0.815068493,0.881940144,0.848504319,0.589460216,0.787671233,0.706855144,111,0.848504319,shiyan11-CircleLoss,best_auc_TOTAL_WITHOUT_TRAIN_vs_self.csv
111,111,0.968553459,0.992657529,0.980605494,0.883209201,0.959119497,0.915758897,111,0.980605494,shiyan11-CircleLoss,best_auc_TRAIN_vs_self.csv
111,111,0.836734694,0.89,0.863367347,0.544273185,0.734693878,0.664263531,111,0.863367347,shiyan11-CircleLoss,best_auc_VAL_vs_self.csv
111,111,0.769230769,0.844854071,0.80704242,0.536955396,0.769230769,0.66025641,111,0.80704242,shiyan11-CircleLoss,best_auc_ZHEYI_vs_self.csv
87,87,0.911111111,0.95,0.930555556,0.814136689,0.866666667,0.853561254,76,0.941666667,shiyan11-CircleLoss-nominer,best_auc_HOLD_OUT_vs_self.csv
87,87,0.881465517,0.938608685,0.910037101,0.682795829,0.862068966,0.780271016,87,0.910037101,shiyan11-CircleLoss-nominer,best_auc_TOTAL_vs_self.csv
87,87,0.842465753,0.888338493,0.865402123,0.563189129,0.794520548,0.693602448,87,0.865402123,shiyan11-CircleLoss-nominer,best_auc_TOTAL_WITHOUT_TRAIN_vs_self.csv
87,87,0.899371069,0.963465646,0.931418358,0.758391033,0.908805031,0.82669443,82,0.939027827,shiyan11-CircleLoss-nominer,best_auc_TRAIN_vs_self.csv
87,87,0.836734694,0.873333333,0.855034014,0.51294243,0.816326531,0.643189885,87,0.855034014,shiyan11-CircleLoss-nominer,best_auc_VAL_vs_self.csv
87,87,0.788461538,0.841781874,0.815121706,0.496699542,0.653846154,0.639423077,68,0.831280279,shiyan11-CircleLoss-nominer,best_auc_ZHEYI_vs_self.csv
294,294,0.111111111,0.545,0.328055556,0.842299385,0.888888889,0.868091168,1,0.499444444,shiyan11-CircleLoss-only,best_auc_HOLD_OUT_vs_self.csv
294,294,0.338362069,0.610209755,0.474285912,0.867596339,0.939655172,0.903366685,252,0.476656293,shiyan11-CircleLoss-only,best_auc_TOTAL_vs_self.csv
294,294,0.349315068,0.584210526,0.466762797,0.618550831,0.835616438,0.724164966,293,0.467227194,shiyan11-CircleLoss-only,best_auc_TOTAL_WITHOUT_TRAIN_vs_self.csv
294,294,0.333333333,0.623309007,0.47832117,0.99992476,1,0.999925482,252,0.482593153,shiyan11-CircleLoss-only,best_auc_TRAIN_vs_self.csv
294,294,0.510204082,0.745,0.627602041,0.502013631,0.816326531,0.616792369,294,0.627602041,shiyan11-CircleLoss-only,best_auc_VAL_vs_self.csv
294,294,0.403846154,0.603686636,0.503766395,0.659628391,0.865384615,0.764102564,242,0.509910788,shiyan11-CircleLoss-only,best_auc_ZHEYI_vs_self.csv
33,33,0.111111111,0.5,0.305555556,0.750297254,0.888888889,0.774928775,13,0.386805556,shiyan11-CircleLoss-only-nominer,best_auc_HOLD_OUT_vs_self.csv
33,33,0.338362069,0.5,0.419181034,0.355444043,0.338362069,0.553153876,13,0.43221035,shiyan11-CircleLoss-only-nominer,best_auc_TOTAL_vs_self.csv
33,33,0.349315068,0.594736842,0.472025955,0.302028753,0.650684932,0.530821918,33,0.472025955,shiyan11-CircleLoss-only-nominer,best_auc_TOTAL_WITHOUT_TRAIN_vs_self.csv
33,33,0.333333333,0.570754717,0.452044025,0.369051688,0.666666667,0.565083907,33,0.452044025,shiyan11-CircleLoss-only-nominer,best_auc_TRAIN_vs_self.csv
33,33,0.510204082,0.854166667,0.682185374,0.328194999,0.489795918,0.504251701,33,0.682185374,shiyan11-CircleLoss-only-nominer,best_auc_VAL_vs_self.csv
33,33,0.403846154,0.822580645,0.6132134,0.264917121,0.596153846,0.393269231,33,0.6132134,shiyan11-CircleLoss-only-nominer,best_auc_ZHEYI_vs_self.csv
37,37,0.844444444,0.945,0.894722222,0.812305059,0.822222222,0.864102564,9,0.925555556,shiyan11-Contrastiveloss,best_auc_HOLD_OUT_vs_self.csv
37,37,0.853448276,0.923089691,0.888268983,0.692411284,0.82112069,0.786429348,33,0.893831992,shiyan11-Contrastiveloss,best_auc_TOTAL_vs_self.csv
37,37,0.787671233,0.862332301,0.825001767,0.577918844,0.691780822,0.704613815,9,0.844143093,shiyan11-Contrastiveloss,best_auc_TOTAL_WITHOUT_TRAIN_vs_self.csv
37,37,0.883647799,0.949715201,0.9166815,0.753107395,0.842767296,0.826979585,33,0.922014062,shiyan11-Contrastiveloss,best_auc_TRAIN_vs_self.csv
37,37,0.755102041,0.828333333,0.791717687,0.465586527,0.693877551,0.591947649,37,0.791717687,shiyan11-Contrastiveloss,best_auc_VAL_vs_self.csv
37,37,0.769230769,0.855606759,0.812418764,0.617445511,0.769230769,0.734935897,10,0.848576155,shiyan11-Contrastiveloss,best_auc_ZHEYI_vs_self.csv
395,395,0.822222222,0.94,0.881111111,0.816221751,0.866666667,0.868945869,7,0.911666667,shiyan11-Contrastiveloss-nominer,best_auc_HOLD_OUT_vs_self.csv
395,395,0.881465517,0.935060893,0.908263205,0.744861968,0.834051724,0.823885627,392,0.911599701,shiyan11-Contrastiveloss-nominer,best_auc_TOTAL_vs_self.csv
395,395,0.780821918,0.858823529,0.819822724,0.552836786,0.726027397,0.68915768,233,0.829167904,shiyan11-Contrastiveloss-nominer,best_auc_TOTAL_WITHOUT_TRAIN_vs_self.csv
395,395,0.927672956,0.971831613,0.949752284,0.853419764,0.902515723,0.894276744,345,0.954617598,shiyan11-Contrastiveloss-nominer,best_auc_TRAIN_vs_self.csv
395,395,0.734693878,0.813333333,0.774013605,0.43405862,0.693877551,0.586438923,395,0.774013605,shiyan11-Contrastiveloss-nominer,best_auc_VAL_vs_self.csv
395,395,0.788461538,0.849462366,0.818961952,0.575940364,0.769230769,0.701602564,60,0.888544251,shiyan11-Contrastiveloss-nominer,best_auc_ZHEYI_vs_self.csv
3,3,0.111111111,0.11,0.110555556,0.799321112,0.822222222,0.855982906,1,0.125555556,shiyan11-Contrastiveloss-only,best_auc_HOLD_OUT_vs_self.csv
3,3,0.338362069,0.181611652,0.25998686,0.487513606,0.752155172,0.649030064,1,0.278955096,shiyan11-Contrastiveloss-only,best_auc_TOTAL_vs_self.csv
3,3,0.349315068,0.194427245,0.271871157,0.449145188,0.664383562,0.622742641,1,0.277805109,shiyan11-Contrastiveloss-only,best_auc_TOTAL_WITHOUT_TRAIN_vs_self.csv
3,3,0.333333333,0.175952296,0.254642815,0.506264519,0.757861635,0.659859424,1,0.278594844,shiyan11-Contrastiveloss-only,best_auc_TRAIN_vs_self.csv
3,3,0.510204082,0.3,0.405102041,0.332412303,0.489795918,0.534605146,3,0.405102041,shiyan11-Contrastiveloss-only,best_auc_VAL_vs_self.csv
3,3,0.403846154,0.19969278,0.301769467,0.425188511,0.653846154,0.586217949,1,0.323274843,shiyan11-Contrastiveloss-only,best_auc_ZHEYI_vs_self.csv
1,1,0.888888889,0.255,0.571944444,0.762490633,0.822222222,0.853988604,1,0.571944444,shiyan11-Contrastiveloss-only-nominer,best_auc_HOLD_OUT_vs_self.csv
1,1,0.661637931,0.332672877,0.497155404,0.461616,0.752155172,0.632680985,1,0.497155404,shiyan11-Contrastiveloss-only-nominer,best_auc_TOTAL_vs_self.csv
1,1,0.650684932,0.350877193,0.500781062,0.408797222,0.739726027,0.590786943,1,0.500781062,shiyan11-Contrastiveloss-only-nominer,best_auc_TOTAL_WITHOUT_TRAIN_vs_self.csv
1,1,0.666666667,0.325204699,0.495935683,0.492046135,0.735849057,0.653020671,1,0.495935683,shiyan11-Contrastiveloss-only-nominer,best_auc_TRAIN_vs_self.csv
1,1,0.489795918,0.378333333,0.434064626,0.303490865,0.653061224,0.511608991,1,0.434064626,shiyan11-Contrastiveloss-only-nominer,best_auc_VAL_vs_self.csv
1,1,0.596153846,0.316436252,0.456295049,0.399336667,0.596153846,0.571794872,1,0.456295049,shiyan11-Contrastiveloss-only-nominer,best_auc_ZHEYI_vs_self.csv
232,232,0.8,0.875,0.8375,0.799675569,0.844444444,0.848148148,33,0.911944444,shiyan11-CosFaceLoss,best_auc_HOLD_OUT_vs_self.csv
232,232,0.933189655,0.943733272,0.938461464,0.813887681,0.907327586,0.868157138,227,0.941621607,shiyan11-CosFaceLoss,best_auc_TOTAL_vs_self.csv
232,232,0.808219178,0.837977296,0.823098237,0.585077603,0.787671233,0.702631886,227,0.837519261,shiyan11-CosFaceLoss,best_auc_TOTAL_WITHOUT_TRAIN_vs_self.csv
232,232,0.990566038,0.990521538,0.990543788,0.949150587,0.977987421,0.961919807,232,0.990543788,shiyan11-CosFaceLoss,best_auc_TRAIN_vs_self.csv
232,232,0.816326531,0.806666667,0.811496599,0.516760457,0.734693878,0.640269151,232,0.811496599,shiyan11-CosFaceLoss,best_auc_VAL_vs_self.csv
232,232,0.807692308,0.837173579,0.822432943,0.569581869,0.673076923,0.698076923,167,0.85318445,shiyan11-CosFaceLoss,best_auc_ZHEYI_vs_self.csv
36,36,0.866666667,0.97,0.918333333,0.810586597,0.8,0.861253561,34,0.938055556,shiyan11-CosFaceLoss-nominer,best_auc_HOLD_OUT_vs_self.csv
36,36,0.853448276,0.923214175,0.888331225,0.648057741,0.8125,0.75800361,36,0.888331225,shiyan11-CosFaceLoss-nominer,best_auc_TOTAL_vs_self.csv
36,36,0.808219178,0.88627451,0.847246844,0.564625704,0.712328767,0.695843777,36,0.847246844,shiyan11-CosFaceLoss-nominer,best_auc_TOTAL_WITHOUT_TRAIN_vs_self.csv
36,36,0.874213836,0.943885724,0.90904978,0.693490754,0.839622642,0.787858697,36,0.90904978,shiyan11-CosFaceLoss-nominer,best_auc_TRAIN_vs_self.csv
36,36,0.816326531,0.843333333,0.829829932,0.4500464,0.755102041,0.588435374,36,0.829829932,shiyan11-CosFaceLoss-nominer,best_auc_VAL_vs_self.csv
36,36,0.75,0.878648233,0.814324117,0.594503527,0.807692308,0.70224359,31,0.818563157,shiyan11-CosFaceLoss-nominer,best_auc_ZHEYI_vs_self.csv
1,1,0.888888889,0.1,0.494444444,0.812746907,0.911111111,0.847720798,1,0.494444444,shiyan11-CosFaceLoss-only,best_auc_HOLD_OUT_vs_self.csv
1,1,0.661637931,0.262889272,0.462263601,0.436141946,0.771551724,0.609346286,1,0.462263601,shiyan11-CosFaceLoss-only,best_auc_TOTAL_vs_self.csv
1,1,0.650684932,0.34004128,0.495363106,0.42015171,0.657534247,0.59827747,1,0.495363106,shiyan11-CosFaceLoss-only,best_auc_TOTAL_WITHOUT_TRAIN_vs_self.csv
1,1,0.666666667,0.225213599,0.445940133,0.454578234,0.817610063,0.617700336,1,0.445940133,shiyan11-CosFaceLoss-only,best_auc_TRAIN_vs_self.csv
1,1,0.489795918,0.393333333,0.441564626,0.325970901,0.653061224,0.51748743,1,0.441564626,shiyan11-CosFaceLoss-only,best_auc_VAL_vs_self.csv
1,1,0.596153846,0.368663594,0.48240872,0.410794356,0.634615385,0.57275641,1,0.48240872,shiyan11-CosFaceLoss-only,best_auc_ZHEYI_vs_self.csv
4,4,0.111111111,0.585,0.348055556,0.738697384,0.866666667,0.817378917,1,0.395555556,shiyan11-CosFaceLoss-only-nominer,best_auc_HOLD_OUT_vs_self.csv
4,4,0.338362069,0.526888525,0.432625297,0.406066242,0.75862069,0.588278636,1,0.448943063,shiyan11-CosFaceLoss-only-nominer,best_auc_TOTAL_vs_self.csv
4,4,0.349315068,0.532817337,0.441066203,0.395529386,0.712328767,0.561460216,1,0.459900052,shiyan11-CosFaceLoss-only-nominer,best_auc_TOTAL_WITHOUT_TRAIN_vs_self.csv
4,4,0.333333333,0.518133677,0.425733505,0.415424115,0.770440252,0.599004725,1,0.44197594,shiyan11-CosFaceLoss-only-nominer,best_auc_TRAIN_vs_self.csv
4,4,0.510204082,0.61,0.560102041,0.339887054,0.632653061,0.521813073,4,0.560102041,shiyan11-CosFaceLoss-only-nominer,best_auc_VAL_vs_self.csv
4,4,0.403846154,0.483870968,0.443858561,0.370759665,0.653846154,0.550320513,1,0.484565166,shiyan11-CosFaceLoss-only-nominer,best_auc_ZHEYI_vs_self.csv
99,99,0.911111111,0.965,0.938055556,0.865818926,0.911111111,0.903703704,93,0.938055556,shiyan11-FastAploss,best_auc_HOLD_OUT_vs_self.csv
99,99,0.872844828,0.921948588,0.897396708,0.719725284,0.827586207,0.802251283,97,0.899261418,shiyan11-FastAploss,best_auc_TOTAL_vs_self.csv
99,99,0.835616438,0.869556244,0.852586341,0.629835385,0.767123288,0.747158263,97,0.859435656,shiyan11-FastAploss,best_auc_TOTAL_WITHOUT_TRAIN_vs_self.csv
99,99,0.889937107,0.949225703,0.919581405,0.764383548,0.864779874,0.828245537,99,0.919581405,shiyan11-FastAploss,best_auc_TRAIN_vs_self.csv
99,99,0.795918367,0.821666667,0.808792517,0.514660924,0.693877551,0.649733807,99,0.808792517,shiyan11-FastAploss,best_auc_VAL_vs_self.csv
99,99,0.807692308,0.861751152,0.83472173,0.614973182,0.711538462,0.741346154,65,0.871248375,shiyan11-FastAploss,best_auc_ZHEYI_vs_self.csv
19,19,0.755555556,0.915,0.835277778,0.788800705,0.866666667,0.852136752,17,0.916666667,shiyan11-FastAploss-nominer,best_auc_HOLD_OUT_vs_self.csv
19,19,0.782327586,0.854561298,0.818444442,0.51899669,0.75,0.672246656,18,0.824939806,shiyan11-FastAploss-nominer,best_auc_TOTAL_vs_self.csv
19,19,0.780821918,0.847884417,0.814353167,0.504374908,0.732876712,0.660061207,19,0.814353167,shiyan11-FastAploss-nominer,best_auc_TOTAL_WITHOUT_TRAIN_vs_self.csv
19,19,0.783018868,0.857956568,0.820487718,0.528023538,0.764150943,0.675310598,18,0.830047763,shiyan11-FastAploss-nominer,best_auc_TRAIN_vs_self.csv
19,19,0.836734694,0.893333333,0.865034014,0.529583754,0.693877551,0.662119196,19,0.865034014,shiyan11-FastAploss-nominer,best_auc_VAL_vs_self.csv
19,19,0.75,0.795698925,0.772849462,0.43146187,0.615384615,0.600961538,19,0.772849462,shiyan11-FastAploss-nominer,best_auc_ZHEYI_vs_self.csv
14,14,0.8,0.94,0.87,0.800518828,0.844444444,0.861253561,12,0.926666667,shiyan11-FastAploss-only,best_auc_HOLD_OUT_vs_self.csv
14,14,0.767241379,0.826220461,0.79673092,0.545732715,0.760775862,0.688241416,14,0.79673092,shiyan11-FastAploss-only,best_auc_TOTAL_vs_self.csv
14,14,0.705479452,0.792776058,0.749127755,0.494087222,0.719178082,0.646496648,14,0.749127755,shiyan11-FastAploss-only,best_auc_TOTAL_WITHOUT_TRAIN_vs_self.csv
14,14,0.795597484,0.84749911,0.821548297,0.577244595,0.789308176,0.71153494,14,0.821548297,shiyan11-FastAploss-only,best_auc_TRAIN_vs_self.csv
14,14,0.755102041,0.808333333,0.781717687,0.497342977,0.693877551,0.631322094,14,0.781717687,shiyan11-FastAploss-only,best_auc_VAL_vs_self.csv
14,14,0.576923077,0.622119816,0.599521446,0.381755044,0.692307692,0.548717949,14,0.599521446,shiyan11-FastAploss-only,best_auc_ZHEYI_vs_self.csv
112,112,0.888888889,0.94,0.914444444,0.846074168,0.866666667,0.886467236,36,0.924444444,shiyan11-FastAploss-only-nominer,best_auc_HOLD_OUT_vs_self.csv
112,112,0.661637931,0.899334011,0.780485971,0.707476178,0.797413793,0.792645921,112,0.780485971,shiyan11-FastAploss-only-nominer,best_auc_TOTAL_vs_self.csv
112,112,0.650684932,0.853044376,0.751864654,0.594117936,0.773972603,0.716330516,101,0.752174251,shiyan11-FastAploss-only-nominer,best_auc_TOTAL_WITHOUT_TRAIN_vs_self.csv
112,112,0.666666667,0.922659309,0.794662988,0.764455903,0.820754717,0.829772799,112,0.794662988,shiyan11-FastAploss-only-nominer,best_auc_TRAIN_vs_self.csv
112,112,0.489795918,0.781666667,0.635731293,0.429284924,0.734693878,0.593833185,112,0.635731293,shiyan11-FastAploss-only-nominer,best_auc_VAL_vs_self.csv
112,112,0.596153846,0.889400922,0.742777384,0.677063546,0.807692308,0.766987179,111,0.744313482,shiyan11-FastAploss-only-nominer,best_auc_ZHEYI_vs_self.csv
75,75,0.844444444,0.98,0.912222222,0.878625526,0.933333333,0.923504274,55,0.912222222,shiyan11-GeneralizedLiftedStructureloss,best_auc_HOLD_OUT_vs_self.csv
75,75,0.864224138,0.927674848,0.895949493,0.721447423,0.842672414,0.806610116,75,0.895949493,shiyan11-GeneralizedLiftedStructureloss,best_auc_TOTAL_vs_self.csv
75,75,0.801369863,0.897420021,0.849394942,0.640898954,0.815068493,0.747615855,59,0.857501732,shiyan11-GeneralizedLiftedStructureloss,best_auc_TOTAL_WITHOUT_TRAIN_vs_self.csv
75,75,0.893081761,0.942684229,0.917882995,0.765437964,0.836477987,0.834604537,75,0.917882995,shiyan11-GeneralizedLiftedStructureloss,best_auc_TRAIN_vs_self.csv
75,75,0.816326531,0.865,0.840663265,0.55331892,0.755102041,0.66563147,75,0.840663265,shiyan11-GeneralizedLiftedStructureloss,best_auc_VAL_vs_self.csv
75,75,0.75,0.867895545,0.808947773,0.570462962,0.807692308,0.675320513,31,0.881233014,shiyan11-GeneralizedLiftedStructureloss,best_auc_ZHEYI_vs_self.csv
20,20,0.888888889,0.955,0.921944444,0.826713375,0.844444444,0.87022792,20,0.921944444,shiyan11-GeneralizedLiftedStructureloss-nominer,best_auc_HOLD_OUT_vs_self.csv
20,20,0.823275862,0.889250814,0.856263338,0.60259347,0.767241379,0.729720629,16,0.856549978,shiyan11-GeneralizedLiftedStructureloss-nominer,best_auc_TOTAL_vs_self.csv
20,20,0.787671233,0.866460268,0.827065751,0.566991572,0.739726027,0.696496648,15,0.842434652,shiyan11-GeneralizedLiftedStructureloss-nominer,best_auc_TOTAL_WITHOUT_TRAIN_vs_self.csv
20,20,0.839622642,0.903835885,0.871729263,0.619901421,0.795597484,0.737169939,20,0.871729263,shiyan11-GeneralizedLiftedStructureloss-nominer,best_auc_TRAIN_vs_self.csv
20,20,0.795918367,0.845,0.820459184,0.531740245,0.714285714,0.665150843,20,0.820459184,shiyan11-GeneralizedLiftedStructureloss-nominer,best_auc_VAL_vs_self.csv
20,20,0.692307692,0.814132104,0.753219898,0.50037815,0.730769231,0.643269231,15,0.811680255,shiyan11-GeneralizedLiftedStructureloss-nominer,best_auc_ZHEYI_vs_self.csv
16,16,0.888888889,0.035,0.461944444,0.813600475,0.888888889,0.86011396,1,0.621944444,shiyan11-GeneralizedLiftedStructureloss-only,best_auc_HOLD_OUT_vs_self.csv
16,16,0.661637931,0.115230606,0.388434269,0.575865226,0.786637931,0.705895085,1,0.471210882,shiyan11-GeneralizedLiftedStructureloss-only,best_auc_TOTAL_vs_self.csv
16,16,0.650684932,0.155211558,0.402948245,0.509123374,0.698630137,0.659076071,1,0.48726197,shiyan11-GeneralizedLiftedStructureloss-only,best_auc_TOTAL_WITHOUT_TRAIN_vs_self.csv
16,16,0.666666667,0.096253115,0.381459891,0.609466041,0.795597484,0.727952859,1,0.462204818,shiyan11-GeneralizedLiftedStructureloss-only,best_auc_TRAIN_vs_self.csv
16,16,0.489795918,0.235,0.362397959,0.411716118,0.673469388,0.585810411,16,0.362397959,shiyan11-GeneralizedLiftedStructureloss-only,best_auc_VAL_vs_self.csv
16,16,0.596153846,0.141321045,0.368737445,0.550846323,0.673076923,0.68525641,1,0.534636063,shiyan11-GeneralizedLiftedStructureloss-only,best_auc_ZHEYI_vs_self.csv
191,191,0.111111111,0.955,0.533055556,0.863918334,0.911111111,0.896438746,177,0.535555556,shiyan11-GeneralizedLiftedStructureloss-only-nominer,best_auc_HOLD_OUT_vs_self.csv
191,191,0.338362069,0.934479968,0.636421019,0.774304581,0.86637931,0.838768399,184,0.636483261,shiyan11-GeneralizedLiftedStructureloss-only-nominer,best_auc_TOTAL_vs_self.csv
191,191,0.349315068,0.874097007,0.611706038,0.607111776,0.801369863,0.717685806,190,0.611809237,shiyan11-GeneralizedLiftedStructureloss-only-nominer,best_auc_TOTAL_WITHOUT_TRAIN_vs_self.csv
191,191,0.333333333,0.961685653,0.647509493,0.85923108,0.911949686,0.89985579,187,0.647620743,shiyan11-GeneralizedLiftedStructureloss-only-nominer,best_auc_TRAIN_vs_self.csv
191,191,0.510204082,0.846666667,0.678435374,0.468146107,0.673469388,0.570097604,191,0.678435374,shiyan11-GeneralizedLiftedStructureloss-only-nominer,best_auc_VAL_vs_self.csv
191,191,0.403846154,0.849462366,0.62665426,0.55312018,0.788461538,0.672435897,43,0.639711095,shiyan11-GeneralizedLiftedStructureloss-only-nominer,best_auc_ZHEYI_vs_self.csv
363,363,0.822222222,0.96,0.891111111,0.813560957,0.866666667,0.85954416,339,0.929444444,shiyan11-Instanceloss-nominer,best_auc_HOLD_OUT_vs_self.csv
363,363,0.870689655,0.927259902,0.898974778,0.633781283,0.788793103,0.74629319,350,0.899440319,shiyan11-Instanceloss-nominer,best_auc_TOTAL_vs_self.csv
363,363,0.801369863,0.886480908,0.843925386,0.54937227,0.712328767,0.677796561,338,0.849845908,shiyan11-Instanceloss-nominer,best_auc_TOTAL_WITHOUT_TRAIN_vs_self.csv
363,363,0.902515723,0.948825205,0.925670464,0.681750786,0.836477987,0.780052773,363,0.925670464,shiyan11-Instanceloss-nominer,best_auc_TRAIN_vs_self.csv
363,363,0.795918367,0.845,0.820459184,0.446224967,0.653061224,0.596273292,363,0.820459184,shiyan11-Instanceloss-nominer,best_auc_VAL_vs_self.csv
363,363,0.788461538,0.88172043,0.835090984,0.533923002,0.730769231,0.666666667,135,0.883537162,shiyan11-Instanceloss-nominer,best_auc_ZHEYI_vs_self.csv
342,342,0.888888889,0.24,0.564444444,0.825578059,0.822222222,0.861538462,33,0.633194444,shiyan11-Instanceloss-only-nominer,best_auc_HOLD_OUT_vs_self.csv
342,342,0.661637931,0.362227432,0.511932682,0.437271223,0.706896552,0.60318064,33,0.57789878,shiyan11-Instanceloss-only-nominer,best_auc_TOTAL_vs_self.csv
342,342,0.650684932,0.471826625,0.561255778,0.423902281,0.678082192,0.595733022,33,0.567241331,shiyan11-Instanceloss-only-nominer,best_auc_TOTAL_WITHOUT_TRAIN_vs_self.csv
342,342,0.666666667,0.30989676,0.488281714,0.453948737,0.720125786,0.610660597,33,0.581408716,shiyan11-Instanceloss-only-nominer,best_auc_TRAIN_vs_self.csv
342,342,0.489795918,0.601666667,0.545731293,0.351996423,0.632653061,0.542590949,342,0.545731293,shiyan11-Instanceloss-only-nominer,best_auc_VAL_vs_self.csv
342,342,0.596153846,0.284178187,0.440166017,0.389628791,0.711538462,0.561538462,33,0.507754342,shiyan11-Instanceloss-only-nominer,best_auc_ZHEYI_vs_self.csv
11,11,0.822222222,0.925,0.873611111,0.7879277,0.822222222,0.838888889,10,0.873611111,shiyan11-IntraPairVarianceloss,best_auc_HOLD_OUT_vs_self.csv
11,11,0.801724138,0.875868794,0.838796466,0.54294507,0.75,0.688630409,11,0.838796466,shiyan11-IntraPairVarianceloss,best_auc_TOTAL_vs_self.csv
11,11,0.767123288,0.851393189,0.809258238,0.510849486,0.719178082,0.66527543,5,0.810412514,shiyan11-IntraPairVarianceloss,best_auc_TOTAL_WITHOUT_TRAIN_vs_self.csv
11,11,0.817610063,0.889328943,0.853469503,0.566846128,0.779874214,0.703195468,11,0.853469503,shiyan11-IntraPairVarianceloss,best_auc_TRAIN_vs_self.csv
11,11,0.795918367,0.866666667,0.831292517,0.545019709,0.755102041,0.666925466,11,0.831292517,shiyan11-IntraPairVarianceloss,best_auc_VAL_vs_self.csv
11,11,0.692307692,0.766513057,0.729410375,0.387273715,0.711538462,0.565384615,5,0.740561857,shiyan11-IntraPairVarianceloss,best_auc_ZHEYI_vs_self.csv
282,282,0.822222222,0.955,0.888611111,0.815056523,0.933333333,0.857264957,264,0.910833333,shiyan11-IntraPairVarianceloss-nominer,best_auc_HOLD_OUT_vs_self.csv
282,282,0.853448276,0.910911015,0.882179645,0.598167254,0.793103448,0.719811604,264,0.883878377,shiyan11-IntraPairVarianceloss-nominer,best_auc_TOTAL_vs_self.csv
282,282,0.849315068,0.878637771,0.86397642,0.569296812,0.712328767,0.699906733,265,0.864389216,shiyan11-IntraPairVarianceloss-nominer,best_auc_TOTAL_WITHOUT_TRAIN_vs_self.csv
282,282,0.855345912,0.927287291,0.891316601,0.611184142,0.827044025,0.726489612,264,0.893749258,shiyan11-IntraPairVarianceloss-nominer,best_auc_TRAIN_vs_self.csv
282,282,0.836734694,0.845,0.840867347,0.481147665,0.714285714,0.627661934,282,0.840867347,shiyan11-IntraPairVarianceloss-nominer,best_auc_VAL_vs_self.csv
282,282,0.884615385,0.874039939,0.879327662,0.60965727,0.769230769,0.716666667,137,0.891247194,shiyan11-IntraPairVarianceloss-nominer,best_auc_ZHEYI_vs_self.csv
120,120,0.888888889,0.705,0.796944444,0.703090089,0.844444444,0.787464387,118,0.805694444,shiyan11-IntraPairVarianceloss-only,best_auc_HOLD_OUT_vs_self.csv
120,120,0.661637931,0.569337538,0.615487735,0.338631887,0.577586207,0.557542507,119,0.618921416,shiyan11-IntraPairVarianceloss-only,best_auc_TOTAL_vs_self.csv
120,120,0.650684932,0.570381837,0.610533384,0.324507178,0.561643836,0.547041679,120,0.610533384,shiyan11-IntraPairVarianceloss-only,best_auc_TOTAL_WITHOUT_TRAIN_vs_self.csv
120,120,0.666666667,0.569553222,0.618109944,0.351043251,0.556603774,0.559736363,119,0.626909784,shiyan11-IntraPairVarianceloss-only,best_auc_TRAIN_vs_self.csv
120,120,0.489795918,0.849166667,0.669481293,0.357369327,0.510204082,0.524475007,120,0.669481293,shiyan11-IntraPairVarianceloss-only,best_auc_VAL_vs_self.csv
120,120,0.596153846,0.52688172,0.561517783,0.266886392,0.423076923,0.495833333,118,0.577262791,shiyan11-IntraPairVarianceloss-only,best_auc_ZHEYI_vs_self.csv
146,146,0.888888889,0.35,0.619444444,0.731066665,0.911111111,0.816666667,134,0.694444444,shiyan11-IntraPairVarianceloss-only-nominer,best_auc_HOLD_OUT_vs_self.csv
146,146,0.661637931,0.464283491,0.562960711,0.348553668,0.642241379,0.558611425,138,0.580793031,shiyan11-IntraPairVarianceloss-only-nominer,best_auc_TOTAL_vs_self.csv
146,146,0.650684932,0.481527348,0.56610614,0.338267613,0.349315068,0.555400758,134,0.582824406,shiyan11-IntraPairVarianceloss-only-nominer,best_auc_TOTAL_WITHOUT_TRAIN_vs_self.csv
146,146,0.666666667,0.46239765,0.564532159,0.363241691,0.377358491,0.571516857,139,0.586871069,shiyan11-IntraPairVarianceloss-only-nominer,best_auc_TRAIN_vs_self.csv
146,146,0.489795918,0.61,0.549897959,0.320106605,0.510204082,0.504140787,146,0.549897959,shiyan11-IntraPairVarianceloss-only-nominer,best_auc_VAL_vs_self.csv
146,146,0.596153846,0.465437788,0.530795817,0.314547325,0.538461538,0.522435897,134,0.548076923,shiyan11-IntraPairVarianceloss-only-nominer,best_auc_ZHEYI_vs_self.csv
118,118,0.822222222,0.94,0.881111111,0.808574397,0.866666667,0.860683761,8,0.909444444,shiyan11-Multisimilarity,best_auc_HOLD_OUT_vs_self.csv
118,118,0.862068966,0.926761966,0.894415466,0.638423408,0.82112069,0.74816637,118,0.894415466,shiyan11-Multisimilarity,best_auc_TOTAL_vs_self.csv
118,118,0.821917808,0.888132095,0.855024952,0.572255175,0.753424658,0.699253862,118,0.855024952,shiyan11-Multisimilarity,best_auc_TOTAL_WITHOUT_TRAIN_vs_self.csv
118,118,0.880503145,0.945977216,0.91324018,0.673767681,0.86163522,0.771270168,118,0.91324018,shiyan11-Multisimilarity,best_auc_TRAIN_vs_self.csv
118,118,0.836734694,0.86,0.848367347,0.508346003,0.693877551,0.6472937,118,0.848367347,shiyan11-Multisimilarity,best_auc_VAL_vs_self.csv
118,118,0.807692308,0.874039939,0.840866123,0.561863903,0.865384615,0.672435897,47,0.863538343,shiyan11-Multisimilarity,best_auc_ZHEYI_vs_self.csv
14,14,0.844444444,0.905,0.874722222,0.777737343,0.8,0.838176638,14,0.874722222,shiyan11-Multisimilarity-nominer,best_auc_HOLD_OUT_vs_self.csv
14,14,0.8125,0.879167618,0.845833809,0.559722349,0.799568966,0.698740703,14,0.845833809,shiyan11-Multisimilarity-nominer,best_auc_TOTAL_vs_self.csv
14,14,0.821917808,0.870381837,0.846149823,0.527888431,0.664383562,0.674998543,13,0.846562619,shiyan11-Multisimilarity-nominer,best_auc_TOTAL_WITHOUT_TRAIN_vs_self.csv
14,14,0.808176101,0.885457458,0.846816779,0.578065659,0.808176101,0.706978137,14,0.846816779,shiyan11-Multisimilarity-nominer,best_auc_TRAIN_vs_self.csv
14,14,0.836734694,0.871666667,0.85420068,0.491098031,0.775510204,0.63712659,14,0.85420068,shiyan11-Multisimilarity-nominer,best_auc_VAL_vs_self.csv
14,14,0.788461538,0.850998464,0.819730001,0.498625626,0.711538462,0.646153846,13,0.831649533,shiyan11-Multisimilarity-nominer,best_auc_ZHEYI_vs_self.csv
1,1,0.888888889,0.325,0.606944444,0.782968491,0.866666667,0.818091168,1,0.606944444,shiyan11-Multisimilarity-only,best_auc_HOLD_OUT_vs_self.csv
1,1,0.661637931,0.263605054,0.462621493,0.498507332,0.767241379,0.647028213,1,0.462621493,shiyan11-Multisimilarity-only,best_auc_TOTAL_vs_self.csv
1,1,0.650684932,0.286068111,0.468376521,0.459377869,0.698630137,0.623267269,1,0.468376521,shiyan11-Multisimilarity-only,best_auc_TOTAL_WITHOUT_TRAIN_vs_self.csv
1,1,0.666666667,0.248976504,0.457821585,0.517110347,0.827044025,0.656496184,1,0.457821585,shiyan11-Multisimilarity-only,best_auc_TRAIN_vs_self.csv
1,1,0.489795918,0.286666667,0.388231293,0.378321399,0.632653061,0.564034309,1,0.388231293,shiyan11-Multisimilarity-only,best_auc_VAL_vs_self.csv
1,1,0.596153846,0.342549923,0.469351885,0.41259739,0.538461538,0.584935897,1,0.469351885,shiyan11-Multisimilarity-only,best_auc_ZHEYI_vs_self.csv
7,7,0.111111111,0.97,0.540555556,0.813382385,0.866666667,0.854700855,6,0.540555556,shiyan11-Multisimilarity-only-nominer,best_auc_HOLD_OUT_vs_self.csv
7,7,0.338362069,0.788045395,0.563203732,0.520457607,0.745689655,0.673871433,7,0.563203732,shiyan11-Multisimilarity-only-nominer,best_auc_TOTAL_vs_self.csv
7,7,0.349315068,0.755624355,0.552469712,0.486278413,0.678082192,0.649268435,7,0.552469712,shiyan11-Multisimilarity-only-nominer,best_auc_TOTAL_WITHOUT_TRAIN_vs_self.csv
7,7,0.333333333,0.802242791,0.567788062,0.536926919,0.789308176,0.681792375,7,0.567788062,shiyan11-Multisimilarity-only-nominer,best_auc_TRAIN_vs_self.csv
7,7,0.510204082,0.645,0.577602041,0.393008915,0.571428571,0.567361727,7,0.577602041,shiyan11-Multisimilarity-only-nominer,best_auc_VAL_vs_self.csv
7,7,0.403846154,0.777265745,0.590555949,0.472304571,0.653846154,0.634615385,7,0.590555949,shiyan11-Multisimilarity-only-nominer,best_auc_ZHEYI_vs_self.csv
106,106,0.822222222,0.985,0.903611111,0.867337743,0.933333333,0.914529915,5,0.944444444,shiyan11-NCAloss,best_auc_HOLD_OUT_vs_self.csv
106,106,0.86637931,0.92487396,0.895626635,0.674116874,0.814655172,0.775260159,106,0.895626635,shiyan11-NCAloss,best_auc_TOTAL_vs_self.csv
106,106,0.815068493,0.881527348,0.84829792,0.605889896,0.760273973,0.729201399,106,0.84829792,shiyan11-NCAloss,best_auc_TOTAL_WITHOUT_TRAIN_vs_self.csv
106,106,0.889937107,0.947089712,0.918513409,0.708803249,0.823899371,0.798493462,106,0.918513409,shiyan11-NCAloss,best_auc_TRAIN_vs_self.csv
106,106,0.795918367,0.831666667,0.813792517,0.499485801,0.755102041,0.640860692,106,0.813792517,shiyan11-NCAloss,best_auc_VAL_vs_self.csv
106,106,0.826923077,0.878648233,0.852785655,0.602371548,0.730769231,0.701602564,31,0.874320572,shiyan11-NCAloss,best_auc_ZHEYI_vs_self.csv
22,22,0.844444444,0.94,0.892222222,0.809192784,0.777777778,0.866809117,21,0.892222222,shiyan11-NCAloss-nominer,best_auc_HOLD_OUT_vs_self.csv
22,22,0.829741379,0.903628706,0.866685043,0.669209876,0.799568966,0.774558563,22,0.866685043,shiyan11-NCAloss-nominer,best_auc_TOTAL_vs_self.csv
22,22,0.780821918,0.870381837,0.825601877,0.591111011,0.746575342,0.718700087,22,0.825601877,shiyan11-NCAloss-nominer,best_auc_TOTAL_WITHOUT_TRAIN_vs_self.csv
22,22,0.852201258,0.919188323,0.885694791,0.705222718,0.830188679,0.798227042,21,0.886176872,shiyan11-NCAloss-nominer,best_auc_TRAIN_vs_self.csv
22,22,0.775510204,0.861666667,0.818588435,0.524642764,0.775510204,0.631506951,22,0.818588435,shiyan11-NCAloss-nominer,best_auc_VAL_vs_self.csv
22,22,0.730769231,0.861751152,0.796260191,0.560427195,0.730769231,0.686538462,9,0.808977313,shiyan11-NCAloss-nominer,best_auc_ZHEYI_vs_self.csv
255,255,0.888888889,0.875,0.881944444,0.814293338,0.844444444,0.852706553,197,0.881944444,shiyan11-NCAloss-only,best_auc_HOLD_OUT_vs_self.csv
255,255,0.661637931,0.889562024,0.775599978,0.819593827,0.88362069,0.874346893,255,0.775599978,shiyan11-NCAloss-only,best_auc_TOTAL_vs_self.csv
255,255,0.650684932,0.80371517,0.727200051,0.614054776,0.753424658,0.725762168,255,0.727200051,shiyan11-NCAloss-only,best_auc_TOTAL_WITHOUT_TRAIN_vs_self.csv
255,255,0.666666667,0.931158775,0.798912721,0.934353886,0.968553459,0.955545478,255,0.798912721,shiyan11-NCAloss-only,best_auc_TRAIN_vs_self.csv
255,255,0.489795918,0.803333333,0.646564626,0.584228638,0.795918367,0.672803904,255,0.646564626,shiyan11-NCAloss-only,best_auc_VAL_vs_self.csv
255,255,0.596153846,0.769585253,0.68286955,0.51082543,0.730769231,0.633012821,223,0.687477845,shiyan11-NCAloss-only,best_auc_ZHEYI_vs_self.csv
1,1,0.111111111,0.205,0.158055556,0.775408378,0.866666667,0.821225071,1,0.158055556,shiyan11-NCAloss-only-nominer,best_auc_HOLD_OUT_vs_self.csv
1,1,0.338362069,0.343326625,0.340844347,0.433054692,0.752155172,0.606070186,1,0.340844347,shiyan11-NCAloss-only-nominer,best_auc_TOTAL_vs_self.csv
1,1,0.349315068,0.370381837,0.359848453,0.414911757,0.698630137,0.588003498,1,0.359848453,shiyan11-NCAloss-only-nominer,best_auc_TOTAL_WITHOUT_TRAIN_vs_self.csv
1,1,0.333333333,0.328964934,0.331149134,0.446447823,0.770440252,0.61500577,1,0.331149134,shiyan11-NCAloss-only-nominer,best_auc_TRAIN_vs_self.csv
1,1,0.510204082,0.346666667,0.428435374,0.350365477,0.734693878,0.52820911,1,0.428435374,shiyan11-NCAloss-only-nominer,best_auc_VAL_vs_self.csv
1,1,0.403846154,0.465437788,0.434641971,0.358617892,0.653846154,0.538782051,1,0.434641971,shiyan11-NCAloss-only-nominer,best_auc_ZHEYI_vs_self.csv
16,16,0.933333333,0.975,0.954166667,0.831566438,0.888888889,0.872934473,16,0.954166667,shiyan11-SignalToNoiseRatioContrastiveloss,best_auc_HOLD_OUT_vs_self.csv
16,16,0.825431034,0.878846034,0.852138534,0.528175752,0.790948276,0.67244332,16,0.852138534,shiyan11-SignalToNoiseRatioContrastiveloss,best_auc_TOTAL_vs_self.csv
16,16,0.835616438,0.86130031,0.848458374,0.532209041,0.773972603,0.66227339,16,0.848458374,shiyan11-SignalToNoiseRatioContrastiveloss,best_auc_TOTAL_WITHOUT_TRAIN_vs_self.csv
16,16,0.820754717,0.885657707,0.853206212,0.528655448,0.79245283,0.675721794,16,0.853206212,shiyan11-SignalToNoiseRatioContrastiveloss,best_auc_TRAIN_vs_self.csv
16,16,0.795918367,0.881666667,0.838792517,0.482988895,0.857142857,0.609582964,16,0.838792517,shiyan11-SignalToNoiseRatioContrastiveloss,best_auc_VAL_vs_self.csv
16,16,0.788461538,0.797235023,0.792848281,0.432788933,0.75,0.581730769,16,0.792848281,shiyan11-SignalToNoiseRatioContrastiveloss,best_auc_ZHEYI_vs_self.csv
65,65,0.8,0.91,0.855,0.808022204,0.844444444,0.863532764,16,0.868611111,shiyan11-SignalToNoiseRatioContrastiveloss-nominer,best_auc_HOLD_OUT_vs_self.csv
65,65,0.853448276,0.909023009,0.881235642,0.659094589,0.80387931,0.767022232,65,0.881235642,shiyan11-SignalToNoiseRatioContrastiveloss-nominer,best_auc_TOTAL_vs_self.csv
65,65,0.780821918,0.859442724,0.820132321,0.558540742,0.746575342,0.692649373,65,0.820132321,shiyan11-SignalToNoiseRatioContrastiveloss-nominer,best_auc_TOTAL_WITHOUT_TRAIN_vs_self.csv
65,65,0.886792453,0.93258277,0.909687611,0.725861848,0.849056604,0.813118268,64,0.910992939,shiyan11-SignalToNoiseRatioContrastiveloss-nominer,best_auc_TRAIN_vs_self.csv
65,65,0.795918367,0.853333333,0.82462585,0.48058423,0.775510204,0.611209701,65,0.82462585,shiyan11-SignalToNoiseRatioContrastiveloss-nominer,best_auc_VAL_vs_self.csv
65,65,0.75,0.837173579,0.79358679,0.536849861,0.75,0.667307692,64,0.79358679,shiyan11-SignalToNoiseRatioContrastiveloss-nominer,best_auc_ZHEYI_vs_self.csv
119,119,0.111111111,0.015,0.063055556,0.900624427,0.911111111,0.925356125,1,0.150555556,shiyan11-SignalToNoiseRatioContrastiveloss-only,best_auc_HOLD_OUT_vs_self.csv
119,119,0.338362069,0.065810494,0.202086281,0.766569143,0.896551724,0.836086894,1,0.292368238,shiyan11-SignalToNoiseRatioContrastiveloss-only,best_auc_TOTAL_vs_self.csv
119,119,0.349315068,0.152321981,0.250818525,0.558735865,0.732876712,0.684914019,1,0.299528535,shiyan11-SignalToNoiseRatioContrastiveloss-only,best_auc_TOTAL_WITHOUT_TRAIN_vs_self.csv
119,119,0.333333333,0.025765397,0.179549365,0.883833513,0.946540881,0.918134669,1,0.290698796,shiyan11-SignalToNoiseRatioContrastiveloss-only,best_auc_TRAIN_vs_self.csv
119,119,0.510204082,0.231666667,0.370935374,0.453326933,0.775510204,0.592502218,119,0.370935374,shiyan11-SignalToNoiseRatioContrastiveloss-only,best_auc_VAL_vs_self.csv
119,119,0.403846154,0.201228879,0.302537516,0.497868111,0.634615385,0.633653846,1,0.372429989,shiyan11-SignalToNoiseRatioContrastiveloss-only,best_auc_ZHEYI_vs_self.csv
1,1,0.111111111,0.55,0.330555556,0.777281979,0.911111111,0.836182336,1,0.330555556,shiyan11-SignalToNoiseRatioContrastiveloss-only-nominer,best_auc_HOLD_OUT_vs_self.csv
1,1,0.338362069,0.453608996,0.395985533,0.524296927,0.795258621,0.674568153,1,0.395985533,shiyan11-SignalToNoiseRatioContrastiveloss-only-nominer,best_auc_TOTAL_vs_self.csv
1,1,0.349315068,0.491021672,0.42016837,0.45489549,0.732876712,0.620664529,1,0.42016837,shiyan11-SignalToNoiseRatioContrastiveloss-only-nominer,best_auc_TOTAL_WITHOUT_TRAIN_vs_self.csv
1,1,0.333333333,0.437900498,0.385616916,0.559294747,0.801886792,0.699271286,1,0.385616916,shiyan11-SignalToNoiseRatioContrastiveloss-only-nominer,best_auc_TRAIN_vs_self.csv
1,1,0.510204082,0.546666667,0.528435374,0.353078596,0.673469388,0.541444839,1,0.528435374,shiyan11-SignalToNoiseRatioContrastiveloss-only-nominer,best_auc_VAL_vs_self.csv
1,1,0.403846154,0.416282642,0.410064398,0.453590192,0.711538462,0.613141026,1,0.410064398,shiyan11-SignalToNoiseRatioContrastiveloss-only-nominer,best_auc_ZHEYI_vs_self.csv
36,36,0.822222222,0.955,0.888611111,0.820038077,0.844444444,0.864672365,4,0.914444444,shiyan11-Supconloss,best_auc_HOLD_OUT_vs_self.csv
36,36,0.834051724,0.91001888,0.872035302,0.62086117,0.831896552,0.736879887,36,0.872035302,shiyan11-Supconloss,best_auc_TOTAL_vs_self.csv
36,36,0.821917808,0.882972136,0.852444972,0.577874221,0.712328767,0.709361702,30,0.855353634,shiyan11-Supconloss,best_auc_TOTAL_WITHOUT_TRAIN_vs_self.csv
36,36,0.839622642,0.9251068,0.882364721,0.642772749,0.817610063,0.749872752,36,0.882364721,shiyan11-Supconloss,best_auc_TRAIN_vs_self.csv
36,36,0.816326531,0.845,0.830663265,0.490456994,0.734693878,0.637607217,36,0.830663265,shiyan11-Supconloss,best_auc_VAL_vs_self.csv
36,36,0.826923077,0.884792627,0.855857852,0.586650089,0.730769231,0.701602564,19,0.888544251,shiyan11-Supconloss,best_auc_ZHEYI_vs_self.csv
99,99,0.888888889,0.6625,0.775694444,0.794558286,0.888888889,0.811965812,5,0.775694444,shiyan11-Supconloss-nominer,best_auc_HOLD_OUT_vs_self.csv
99,99,0.661637931,0.526058632,0.593848281,0.374845268,0.661637931,0.587749324,5,0.593848281,shiyan11-Supconloss-nominer,best_auc_TOTAL_vs_self.csv
99,99,0.650684932,0.594736842,0.622710887,0.302028753,0.650684932,0.530821918,99,0.622710887,shiyan11-Supconloss-nominer,best_auc_TOTAL_WITHOUT_TRAIN_vs_self.csv
99,99,0.666666667,0.570754717,0.618710692,0.369051688,0.666666667,0.565083907,99,0.618710692,shiyan11-Supconloss-nominer,best_auc_TRAIN_vs_self.csv
99,99,0.489795918,0.854166667,0.671981293,0.328194999,0.489795918,0.504251701,99,0.671981293,shiyan11-Supconloss-nominer,best_auc_VAL_vs_self.csv
99,99,0.596153846,0.822580645,0.709367246,0.264917121,0.596153846,0.393269231,99,0.709367246,shiyan11-Supconloss-nominer,best_auc_ZHEYI_vs_self.csv
10,10,0.644444444,0.835,0.739722222,0.787720407,0.866666667,0.842022792,8,0.886666667,shiyan11-Supconloss-only,best_auc_HOLD_OUT_vs_self.csv
10,10,0.681034483,0.822485944,0.751760213,0.578636031,0.778017241,0.714170665,9,0.795672807,shiyan11-Supconloss-only,best_auc_TOTAL_vs_self.csv
10,10,0.732876712,0.855108359,0.793992536,0.553922852,0.767123288,0.691687555,9,0.827723115,shiyan11-Supconloss-only,best_auc_TOTAL_WITHOUT_TRAIN_vs_self.csv
10,10,0.657232704,0.807360271,0.732296487,0.59229163,0.805031447,0.723255111,9,0.780400795,shiyan11-Supconloss-only,best_auc_TRAIN_vs_self.csv
10,10,0.87755102,0.933333333,0.905442177,0.490631151,0.775510204,0.618566992,10,0.905442177,shiyan11-Supconloss-only,best_auc_VAL_vs_self.csv
10,10,0.673076923,0.797235023,0.735155973,0.570867713,0.788461538,0.691025641,9,0.800927567,shiyan11-Supconloss-only,best_auc_ZHEYI_vs_self.csv
1,1,0.888888889,0.21,0.549444444,0.779649802,0.933333333,0.837891738,1,0.549444444,shiyan11-Supconloss-only-nominer,best_auc_HOLD_OUT_vs_self.csv
1,1,0.661637931,0.418452665,0.540045298,0.481922445,0.745689655,0.645720645,1,0.540045298,shiyan11-Supconloss-only-nominer,best_auc_TOTAL_vs_self.csv
1,1,0.650684932,0.469143447,0.559914189,0.462634266,0.726027397,0.614712912,1,0.559914189,shiyan11-Supconloss-only-nominer,best_auc_TOTAL_WITHOUT_TRAIN_vs_self.csv
1,1,0.666666667,0.394246173,0.53045642,0.501902468,0.764150943,0.662894359,1,0.53045642,shiyan11-Supconloss-only-nominer,best_auc_TRAIN_vs_self.csv
1,1,0.489795918,0.468333333,0.479064626,0.343107293,0.530612245,0.541592724,1,0.479064626,shiyan11-Supconloss-only-nominer,best_auc_VAL_vs_self.csv
1,1,0.596153846,0.411674347,0.503914097,0.50193266,0.75,0.639102564,1,0.503914097,shiyan11-Supconloss-only-nominer,best_auc_ZHEYI_vs_self.csv
