~iteration~,epoch,acc_yinda_level0,auc_yinda_level0,mean_average_precision_at_r_level0,precision_at_1_level0,r_precision_level0,best_epoch,best_accuracy
1,1,0.8888888888888888,0.245,0.7783713660343635,0.8444444444444444,0.8297720797720798,1,0.245
2,2,0.8888888888888888,0.195,0.7838395318423762,0.8444444444444444,0.8331908831908832,1,0.245
3,3,0.8888888888888888,0.16499999999999998,0.7831248632731018,0.8444444444444444,0.8337606837606839,1,0.245
4,4,0.8888888888888888,0.14500000000000002,0.7813575844601606,0.8444444444444444,0.8293447293447295,1,0.245
5,5,0.8888888888888888,0.11500000000000002,0.7836456632550601,0.8222222222222222,0.8316239316239317,1,0.245
6,6,0.8888888888888888,0.10500000000000001,0.7804584664202248,0.8222222222222222,0.8293447293447295,1,0.245
7,7,0.8888888888888888,0.09,0.7789623746203518,0.8222222222222222,0.8309116809116811,1,0.245
8,8,0.8888888888888888,0.07500000000000002,0.7809880317872941,0.8222222222222222,0.8353276353276353,1,0.245
9,9,0.8888888888888888,0.06500000000000002,0.7820738161737334,0.8,0.8364672364672366,1,0.245
10,10,0.8888888888888888,0.06000000000000001,0.7833578431654319,0.8222222222222222,0.8353276353276355,1,0.245
11,11,0.8888888888888888,0.05500000000000001,0.7838463588861383,0.8666666666666667,0.8347578347578348,1,0.245
12,12,0.8888888888888888,0.04500000000000002,0.785503765871576,0.8666666666666667,0.8353276353276355,1,0.245
13,13,0.8888888888888888,0.040000000000000015,0.7919783265115351,0.9333333333333333,0.8347578347578348,1,0.245
14,14,0.8888888888888888,0.030000000000000006,0.789047838313104,0.8888888888888888,0.8347578347578348,1,0.245
15,15,0.8888888888888888,0.030000000000000006,0.784839377542401,0.8666666666666667,0.8347578347578348,1,0.245
16,16,0.8888888888888888,0.03499999999999999,0.7957735943911303,0.8888888888888888,0.845014245014245,1,0.245
17,17,0.8888888888888888,0.08000000000000002,0.800605158968933,0.8222222222222222,0.8484330484330485,1,0.245
18,18,0.8888888888888888,0.155,0.8041987548241452,0.8222222222222222,0.8512820512820514,1,0.245
19,19,0.8888888888888888,0.30500000000000005,0.8012302069175731,0.8,0.8512820512820514,19,0.30500000000000005
20,20,0.8888888888888888,0.455,0.7987711533498966,0.8,0.8501424501424502,20,0.455
21,21,0.8888888888888888,0.625,0.7989029168100554,0.8222222222222222,0.8484330484330485,21,0.625
22,22,0.8888888888888888,0.69,0.800570425577749,0.8222222222222222,0.8484330484330485,22,0.69
23,23,0.8888888888888888,0.725,0.8015138871275784,0.8222222222222222,0.8490028490028492,23,0.725
24,24,0.8888888888888888,0.7649999999999999,0.8023122501140543,0.8222222222222222,0.8495726495726497,24,0.7649999999999999
25,25,0.8888888888888888,0.8200000000000001,0.8018431482672619,0.8222222222222222,0.8501424501424502,25,0.8200000000000001
26,26,0.8888888888888888,0.835,0.801143633546937,0.8222222222222222,0.8501424501424502,26,0.835
27,27,0.8888888888888888,0.835,0.7999132545519605,0.8,0.8539886039886041,26,0.835
28,28,0.8888888888888888,0.83,0.7978831771788178,0.7777777777777778,0.8539886039886041,26,0.835
29,29,0.8888888888888888,0.84,0.7961939284606123,0.7777777777777778,0.8534188034188036,29,0.84
30,30,0.8888888888888888,0.86,0.7983088877942047,0.7777777777777778,0.8545584045584047,30,0.86
31,31,0.8888888888888888,0.865,0.8005058238089308,0.7777777777777778,0.8545584045584047,31,0.865
32,32,0.8888888888888888,0.865,0.8024635825900805,0.7777777777777778,0.8556980056980058,31,0.865
33,33,0.8888888888888888,0.875,0.7975099339555384,0.7555555555555555,0.8545584045584047,33,0.875
34,34,0.8888888888888888,0.865,0.7960013432468993,0.7777777777777778,0.8539886039886041,33,0.875
35,35,0.8888888888888888,0.865,0.792101969719275,0.8,0.8495726495726497,33,0.875
36,36,0.8888888888888888,0.865,0.7928063367653121,0.7777777777777778,0.8501424501424503,33,0.875
37,37,0.8888888888888888,0.87,0.7916265184629443,0.7777777777777778,0.8484330484330485,33,0.875
38,38,0.8888888888888888,0.87,0.7914758797528978,0.7777777777777778,0.8490028490028492,33,0.875
39,39,0.8888888888888888,0.865,0.7925691390130003,0.8,0.8501424501424502,33,0.875
40,40,0.8888888888888888,0.865,0.7933496980957173,0.8,0.8507122507122508,33,0.875
41,41,0.8888888888888888,0.8849999999999999,0.7931429796731565,0.7777777777777778,0.8484330484330485,41,0.8849999999999999
42,42,0.8888888888888888,0.8849999999999999,0.7880933833034647,0.7555555555555555,0.8484330484330485,41,0.8849999999999999
43,43,0.8888888888888888,0.8799999999999999,0.7908821791999039,0.7777777777777778,0.8501424501424502,41,0.8849999999999999
44,44,0.8888888888888888,0.8799999999999999,0.7939099134072302,0.8,0.8501424501424502,41,0.8849999999999999
45,45,0.8888888888888888,0.8799999999999999,0.7909472473902852,0.8,0.8495726495726497,41,0.8849999999999999
46,46,0.8888888888888888,0.8799999999999999,0.7893681144187567,0.7777777777777778,0.8484330484330485,41,0.8849999999999999
47,47,0.8888888888888888,0.8700000000000001,0.7913470479783811,0.8,0.8501424501424502,41,0.8849999999999999
48,48,0.8888888888888888,0.875,0.7865340912583754,0.8,0.8478632478632478,41,0.8849999999999999
49,49,0.8888888888888888,0.875,0.7841056016955594,0.8,0.8472934472934474,41,0.8849999999999999
50,50,0.8888888888888888,0.8700000000000001,0.7845337653962111,0.8,0.8472934472934474,41,0.8849999999999999
51,51,0.8888888888888888,0.8749999999999999,0.7839922074460149,0.8,0.8472934472934474,41,0.8849999999999999
52,52,0.8888888888888888,0.8700000000000001,0.7868869329445194,0.8,0.849002849002849,41,0.8849999999999999
53,53,0.8888888888888888,0.8799999999999999,0.7902732772637495,0.7777777777777778,0.8495726495726497,41,0.8849999999999999
54,54,0.8888888888888888,0.8800000000000001,0.7933336862413489,0.7777777777777778,0.8495726495726497,41,0.8849999999999999
55,55,0.8888888888888888,0.885,0.7936842783922782,0.7777777777777778,0.8501424501424503,55,0.885
56,56,0.8888888888888888,0.8799999999999999,0.7899016613792672,0.8222222222222222,0.8478632478632478,55,0.885
57,57,0.8888888888888888,0.8799999999999999,0.7839027017239418,0.8,0.8478632478632478,55,0.885
58,58,0.9111111111111111,0.8799999999999999,0.7828440071424502,0.7777777777777778,0.8461538461538463,55,0.885
59,59,0.9111111111111111,0.885,0.7862592048038247,0.7777777777777778,0.8461538461538463,55,0.885
60,60,0.8888888888888888,0.8799999999999999,0.787119569920223,0.8,0.8490028490028492,55,0.885
61,61,0.9111111111111111,0.8799999999999999,0.7858966001784496,0.8,0.8467236467236469,55,0.885
62,62,0.9111111111111111,0.8749999999999999,0.7891732065777691,0.8,0.8495726495726497,55,0.885
63,63,0.9111111111111111,0.87,0.7860310605823928,0.8,0.8472934472934474,55,0.885
64,64,0.8888888888888888,0.8700000000000001,0.7880610559866121,0.8,0.8495726495726497,55,0.885
65,65,0.9111111111111111,0.8799999999999999,0.7870080785914597,0.8,0.8484330484330485,55,0.885
66,66,0.9111111111111111,0.8799999999999999,0.7890132986814928,0.8222222222222222,0.8484330484330485,55,0.885
67,67,0.9111111111111111,0.8799999999999999,0.7894907243220936,0.8222222222222222,0.8495726495726497,55,0.885
68,68,0.9111111111111111,0.89,0.7939814221891399,0.8444444444444444,0.8501424501424503,68,0.89
69,69,0.9333333333333333,0.885,0.7909843982846272,0.8222222222222222,0.8484330484330485,68,0.89
70,70,0.9111111111111111,0.8799999999999999,0.7976031554770201,0.8222222222222222,0.8524216524216526,68,0.89
71,71,0.8444444444444444,0.885,0.7884991227342151,0.8222222222222222,0.8467236467236469,68,0.89
72,72,0.9111111111111111,0.875,0.7910847672392152,0.8444444444444444,0.8501424501424503,68,0.89
73,73,0.8888888888888888,0.88,0.7875520569390599,0.8222222222222222,0.8484330484330485,68,0.89
74,74,0.8888888888888888,0.895,0.7904869369514472,0.8444444444444444,0.8484330484330485,74,0.895
75,75,0.9111111111111111,0.89,0.7961997875579444,0.8444444444444444,0.8518518518518519,74,0.895
76,76,0.9111111111111111,0.89,0.7945631651241302,0.8222222222222222,0.8518518518518519,74,0.895
77,77,0.8888888888888888,0.9,0.7928336084752644,0.8222222222222222,0.8495726495726497,77,0.9
78,78,0.9111111111111111,0.895,0.7950997775088461,0.8222222222222222,0.8524216524216526,77,0.9
79,79,0.8,0.895,0.7878336158308705,0.8444444444444444,0.8472934472934474,77,0.9
80,80,0.9111111111111111,0.885,0.7900035198673426,0.8444444444444444,0.8574074074074075,77,0.9
81,81,0.7555555555555555,0.89,0.7841237697524941,0.8444444444444444,0.8467236467236469,77,0.9
82,82,0.8888888888888888,0.88,0.78585696246996,0.8444444444444444,0.8484330484330485,77,0.9
83,83,0.8222222222222222,0.8749999999999999,0.7663979695327506,0.8222222222222222,0.8324786324786326,77,0.9
84,84,0.8,0.8749999999999999,0.7769842442093949,0.8222222222222222,0.8465811965811968,77,0.9
85,85,0.8666666666666667,0.88,0.7837395003232995,0.8222222222222222,0.8528490028490029,77,0.9
86,86,0.9111111111111111,0.8749999999999999,0.7840453462856088,0.8222222222222222,0.8478632478632478,77,0.9
87,87,0.6222222222222222,0.89,0.7814404564251738,0.8444444444444444,0.8461538461538463,77,0.9
88,88,0.7333333333333333,0.885,0.7833807082458745,0.8444444444444444,0.8472934472934474,77,0.9
89,89,0.8888888888888888,0.89,0.7902353389210762,0.8666666666666667,0.8507122507122508,77,0.9
90,90,0.8222222222222222,0.89,0.7840929447280799,0.8666666666666667,0.8472934472934474,77,0.9
91,91,0.7777777777777778,0.885,0.7755787228539565,0.8444444444444444,0.8425925925925927,77,0.9
92,92,0.8,0.875,0.7697681867467702,0.8222222222222222,0.8269230769230771,77,0.9
93,93,0.7777777777777778,0.885,0.7802689063936145,0.8888888888888888,0.8304843304843306,77,0.9
94,94,0.8888888888888888,0.88,0.7736486046678861,0.8666666666666667,0.81980056980057,77,0.9
95,95,0.8888888888888888,0.9,0.7852693910932446,0.9111111111111111,0.833903133903134,77,0.9
96,96,0.7555555555555555,0.89,0.7848227022073484,0.9111111111111111,0.8350427350427351,77,0.9
97,97,0.8888888888888888,0.88,0.7740610149512255,0.8666666666666667,0.8247863247863249,77,0.9
98,98,0.8666666666666667,0.88,0.7738420925871736,0.8888888888888888,0.8236467236467238,77,0.9
99,99,0.9111111111111111,0.88,0.784809374871952,0.8666666666666667,0.8310541310541311,77,0.9
100,100,0.8,0.87,0.7673534785784171,0.8888888888888888,0.8219373219373222,77,0.9
101,101,0.8888888888888888,0.87,0.7637064157599812,0.8444444444444444,0.8169515669515671,77,0.9
102,102,0.7777777777777778,0.875,0.7656129300925747,0.8666666666666667,0.8163817663817666,77,0.9
103,103,0.8,0.875,0.7673547661713603,0.8888888888888888,0.8180911680911682,77,0.9
104,104,0.8888888888888888,0.875,0.7739187515338711,0.8444444444444444,0.8192307692307693,77,0.9
105,105,0.7777777777777778,0.855,0.7503258373649898,0.8222222222222222,0.8112535612535614,77,0.9
106,106,0.7555555555555555,0.875,0.7634449353341102,0.8222222222222222,0.8198005698005698,77,0.9
107,107,0.7555555555555555,0.88,0.7698420530802088,0.8,0.8264957264957266,77,0.9
108,108,0.7777777777777778,0.88,0.7694902514772912,0.8222222222222222,0.8225071225071227,77,0.9
109,109,0.7777777777777778,0.875,0.7689402843283731,0.8444444444444444,0.8219373219373222,77,0.9
110,110,0.7555555555555555,0.875,0.7680028308510698,0.8444444444444444,0.8230769230769233,77,0.9
111,111,0.8666666666666667,0.875,0.7775220290180361,0.8666666666666667,0.8327635327635329,77,0.9
112,112,0.5777777777777777,0.88,0.7785590486887408,0.8666666666666667,0.8383190883190884,77,0.9
113,113,0.8444444444444444,0.88,0.7653417788567516,0.8666666666666667,0.8169515669515671,77,0.9
114,114,0.8888888888888888,0.88,0.7713073294736975,0.8888888888888888,0.8180911680911682,77,0.9
115,115,0.8666666666666667,0.875,0.7731460232303269,0.8666666666666667,0.8180911680911682,77,0.9
116,116,0.7777777777777778,0.875,0.763846321173304,0.8,0.8163817663817666,77,0.9
117,117,0.7777777777777778,0.86,0.7703716408951606,0.8444444444444444,0.8307692307692309,77,0.9
118,118,0.8888888888888888,0.875,0.7739946711249522,0.9111111111111111,0.8230769230769233,77,0.9
119,119,0.8444444444444444,0.875,0.775655445596752,0.8888888888888888,0.8242165242165244,77,0.9
120,120,0.7555555555555555,0.8700000000000001,0.7653307804879521,0.8666666666666667,0.8213675213675214,77,0.9
121,121,0.7555555555555555,0.87,0.7715205822045316,0.8888888888888888,0.8274928774928777,77,0.9
122,122,0.8,0.875,0.7710680826197286,0.9111111111111111,0.8274928774928777,77,0.9
123,123,0.8444444444444444,0.875,0.7738374947646539,0.9111111111111111,0.8186609686609688,77,0.9
124,124,0.8888888888888888,0.875,0.7669914251625045,0.8222222222222222,0.8203703703703705,77,0.9
125,125,0.8,0.875,0.7626786685855517,0.8222222222222222,0.8213675213675214,77,0.9
126,126,0.6444444444444445,0.87,0.7625088528513666,0.8666666666666667,0.8202279202279203,77,0.9
127,127,0.7777777777777778,0.8600000000000001,0.7678091922611139,0.8888888888888888,0.820797720797721,77,0.9
128,128,0.7555555555555555,0.8650000000000001,0.7675301744947369,0.8444444444444444,0.8219373219373222,77,0.9
129,129,0.6444444444444445,0.8700000000000001,0.7633190411141443,0.9111111111111111,0.8135327635327637,77,0.9
130,130,0.9111111111111111,0.8650000000000001,0.7609760805268888,0.8444444444444444,0.8175213675213675,77,0.9
131,131,0.8,0.87,0.7643685280819268,0.8444444444444444,0.8219373219373222,77,0.9
132,132,0.7555555555555555,0.8750000000000001,0.7667396862772875,0.8666666666666667,0.820797720797721,77,0.9
133,133,0.8,0.8650000000000001,0.7701385355842607,0.9111111111111111,0.8225071225071227,77,0.9
134,134,0.7777777777777778,0.8700000000000001,0.7714953965819424,0.9333333333333333,0.8263532763532766,77,0.9
135,135,0.8222222222222222,0.865,0.7689665759795101,0.8666666666666667,0.8180911680911682,77,0.9
136,136,0.15555555555555556,0.8650000000000001,0.7443345411075316,0.8888888888888888,0.8037037037037038,77,0.9
137,137,0.7111111111111111,0.865,0.7652484538601322,0.8888888888888888,0.8246438746438748,77,0.9
138,138,0.7777777777777778,0.8750000000000001,0.7695278444188169,0.8666666666666667,0.8263532763532766,77,0.9
139,139,0.8,0.8750000000000001,0.7735358417663716,0.8888888888888888,0.8263532763532766,77,0.9
140,140,0.7555555555555555,0.8750000000000001,0.7746783447224707,0.9111111111111111,0.8269230769230771,77,0.9
141,141,0.7777777777777778,0.8750000000000001,0.7738843545873559,0.9111111111111111,0.8219373219373222,77,0.9
142,142,0.8222222222222222,0.875,0.7733190166985785,0.8666666666666667,0.8209401709401711,77,0.9
143,143,0.7555555555555555,0.88,0.7622666225382754,0.8444444444444444,0.8213675213675214,77,0.9
144,144,0.8666666666666667,0.8750000000000001,0.7589346046077762,0.8666666666666667,0.820797720797721,77,0.9
145,145,0.7555555555555555,0.8750000000000001,0.7637584128243768,0.9111111111111111,0.8190883190883192,77,0.9
146,146,0.8222222222222222,0.88,0.7707835263030227,0.9111111111111111,0.8219373219373222,77,0.9
147,147,0.7555555555555555,0.87,0.769896420218437,0.8888888888888888,0.8257834757834759,77,0.9
148,148,0.7111111111111111,0.8600000000000001,0.7598828390508646,0.9111111111111111,0.8183760683760685,77,0.9
149,149,0.7555555555555555,0.8750000000000001,0.7638936955998294,0.9111111111111111,0.8185185185185185,77,0.9
150,150,0.8,0.8750000000000001,0.7667185375751959,0.8888888888888888,0.8202279202279203,77,0.9
151,151,0.7555555555555555,0.8750000000000001,0.7696620599581306,0.8888888888888888,0.8263532763532764,77,0.9
152,152,0.7333333333333333,0.8500000000000001,0.7587300862271051,0.8444444444444444,0.8152421652421653,77,0.9
153,153,0.7777777777777778,0.865,0.7601288749329851,0.8222222222222222,0.8263532763532764,77,0.9
154,154,0.8888888888888888,0.88,0.7685733795686673,0.8888888888888888,0.8213675213675214,77,0.9
155,155,0.7111111111111111,0.875,0.7655286215343747,0.9111111111111111,0.8240740740740742,77,0.9
156,156,0.7777777777777778,0.87,0.7693758199471185,0.8888888888888888,0.8257834757834759,77,0.9
157,157,0.8,0.8700000000000001,0.7799934246045713,0.9111111111111111,0.8319088319088321,77,0.9
158,158,0.8888888888888888,0.86,0.7585564672479043,0.8666666666666667,0.8219373219373222,77,0.9
159,159,0.8888888888888888,0.86,0.756757428674983,0.8,0.8246438746438748,77,0.9
160,160,0.7555555555555555,0.865,0.7599464624826499,0.8,0.8240740740740742,77,0.9
161,161,0.6888888888888889,0.865,0.7583830615648038,0.8222222222222222,0.8190883190883192,77,0.9
162,162,0.6888888888888889,0.87,0.7628987690285182,0.8444444444444444,0.8252136752136753,77,0.9
163,163,0.7777777777777778,0.88,0.7708261762288262,0.8666666666666667,0.8374643874643877,77,0.9
164,164,0.7777777777777778,0.865,0.7655295834086401,0.8666666666666667,0.8313390313390314,77,0.9
165,165,0.7777777777777778,0.87,0.7588717817894042,0.8666666666666667,0.8158119658119659,77,0.9
166,166,0.6666666666666666,0.88,0.7573194948891989,0.8666666666666667,0.8217948717948719,77,0.9
167,167,0.8666666666666667,0.855,0.7594477206071245,0.9111111111111111,0.8207977207977208,77,0.9
168,168,0.6,0.86,0.7776702971698632,0.9333333333333333,0.8451566951566952,77,0.9
169,169,0.7555555555555555,0.865,0.7661476345866948,0.9333333333333333,0.8257834757834758,77,0.9
170,170,0.7777777777777778,0.87,0.7696411298977466,0.9111111111111111,0.8319088319088319,77,0.9
171,171,0.8,0.87,0.7640800359339851,0.7777777777777778,0.8219373219373219,77,0.9
172,172,0.7555555555555555,0.835,0.7446413308416007,0.7777777777777778,0.818945868945869,77,0.9
173,173,0.7777777777777778,0.86,0.751090818842562,0.7111111111111111,0.8246438746438748,77,0.9
174,174,0.8,0.875,0.7683464540669397,0.8,0.8330484330484331,77,0.9
175,175,0.8,0.875,0.7653734062228293,0.8444444444444444,0.8330484330484331,77,0.9
176,176,0.8444444444444444,0.865,0.7605559636793474,0.8222222222222222,0.8274928774928776,77,0.9
177,177,0.8,0.8700000000000001,0.7763486719204682,0.8888888888888888,0.8430199430199432,77,0.9
178,178,0.8,0.885,0.7737371143129116,0.8444444444444444,0.8374643874643876,77,0.9
179,179,0.7333333333333333,0.87,0.7713922403580356,0.8444444444444444,0.8225071225071227,77,0.9
180,180,0.7555555555555555,0.87,0.7701105269809649,0.8888888888888888,0.8269230769230771,77,0.9
181,181,0.7555555555555555,0.875,0.7623033582269615,0.8444444444444444,0.8213675213675214,77,0.9
182,182,0.7333333333333333,0.865,0.7548686954300378,0.8,0.8146723646723646,77,0.9
183,183,0.7555555555555555,0.88,0.767911418023703,0.8444444444444444,0.8269230769230771,77,0.9
184,184,0.7777777777777778,0.88,0.7700179503789681,0.8444444444444444,0.8324786324786326,77,0.9
185,185,0.7111111111111111,0.865,0.7637577875585985,0.8666666666666667,0.8313390313390314,77,0.9
186,186,0.7555555555555555,0.875,0.7676551096877988,0.8888888888888888,0.8263532763532764,77,0.9
187,187,0.7555555555555555,0.885,0.7756332722789335,0.8444444444444444,0.8286324786324788,77,0.9
188,188,0.7777777777777778,0.875,0.7755576136318622,0.8222222222222222,0.8247863247863249,77,0.9
189,189,0.5333333333333333,0.865,0.7520598782100381,0.8,0.822934472934473,77,0.9
190,190,0.7777777777777778,0.855,0.7550754713121756,0.8,0.8252136752136753,77,0.9
191,191,0.7555555555555555,0.875,0.7613515778508544,0.8,0.8307692307692308,77,0.9
192,192,0.7555555555555555,0.875,0.7601378905352524,0.8222222222222222,0.8313390313390314,77,0.9
193,193,0.7777777777777778,0.8699999999999999,0.7595334636085785,0.7777777777777778,0.8263532763532766,77,0.9
194,194,0.7777777777777778,0.875,0.7691455005459108,0.8222222222222222,0.8263532763532766,77,0.9
195,195,0.7555555555555555,0.885,0.7681842754831757,0.8666666666666667,0.8257834757834758,77,0.9
196,196,0.7555555555555555,0.875,0.7651179709473799,0.8444444444444444,0.8330484330484331,77,0.9
197,197,0.6888888888888889,0.875,0.7643793608941293,0.8666666666666667,0.8257834757834759,77,0.9
198,198,0.7333333333333333,0.87,0.7645757932213265,0.8444444444444444,0.8357549857549859,77,0.9
199,199,0.9111111111111111,0.875,0.7700418600199573,0.8444444444444444,0.8336182336182337,77,0.9
200,200,0.6222222222222222,0.875,0.7677579064680827,0.8,0.8451566951566952,77,0.9
201,201,0.8,0.885,0.7690073497761454,0.8444444444444444,0.8374643874643876,77,0.9
202,202,0.8444444444444444,0.875,0.7663493200572892,0.8444444444444444,0.8269230769230771,77,0.9
203,203,0.7555555555555555,0.885,0.7694327412669564,0.8888888888888888,0.8363247863247864,77,0.9
204,204,0.7555555555555555,0.87,0.7712982446303678,0.8888888888888888,0.8330484330484331,77,0.9
205,205,0.8,0.88,0.7736350895570082,0.8666666666666667,0.8347578347578348,77,0.9
206,206,0.7555555555555555,0.875,0.7601561329804595,0.8222222222222222,0.8313390313390314,77,0.9
207,207,0.8,0.885,0.7629347675880066,0.8,0.8313390313390314,77,0.9
208,208,0.7777777777777778,0.875,0.7675234882612737,0.8888888888888888,0.8313390313390314,77,0.9
209,209,0.7555555555555555,0.88,0.777822114535019,0.8666666666666667,0.8435897435897437,77,0.9
210,210,0.7555555555555555,0.885,0.775467002863339,0.8666666666666667,0.8330484330484332,77,0.9
211,211,0.7777777777777778,0.88,0.7689007276375656,0.8222222222222222,0.8274928774928776,77,0.9
212,212,0.7333333333333333,0.885,0.7695320750631848,0.8222222222222222,0.8319088319088319,77,0.9
213,213,0.6222222222222222,0.88,0.7575487181191306,0.8666666666666667,0.8235042735042737,77,0.9
214,214,0.7333333333333333,0.875,0.7604730867834699,0.8,0.8246438746438748,77,0.9
215,215,0.7555555555555555,0.88,0.7690872955768516,0.8,0.8269230769230771,77,0.9
216,216,0.7777777777777778,0.87,0.7633180128882375,0.8444444444444444,0.8307692307692308,77,0.9
217,217,0.7777777777777778,0.86,0.7726914099945942,0.8666666666666667,0.8324786324786326,77,0.9
218,218,0.6222222222222222,0.87,0.7620017265107454,0.8222222222222222,0.8246438746438748,77,0.9
219,219,0.7777777777777778,0.875,0.7736757344405151,0.9111111111111111,0.8274928774928777,77,0.9
220,220,0.7777777777777778,0.865,0.765378221996081,0.8,0.8324786324786326,77,0.9
221,221,0.5777777777777777,0.8525,0.7579444619226883,0.8666666666666667,0.8329059829059832,77,0.9
222,222,0.5777777777777777,0.865,0.7660947712394602,0.8666666666666667,0.8351851851851854,77,0.9
223,223,0.7555555555555555,0.87,0.7713924386542526,0.8,0.8324786324786326,77,0.9
224,224,0.7777777777777778,0.875,0.7705793363993855,0.8444444444444444,0.8319088319088319,77,0.9
225,225,0.6444444444444445,0.86,0.7554284616460668,0.8444444444444444,0.8296296296296298,77,0.9
226,226,0.7555555555555555,0.86,0.7612565671233275,0.8222222222222222,0.8263532763532766,77,0.9
227,227,0.8,0.87,0.7749197507374485,0.8666666666666667,0.8280626780626782,77,0.9
228,228,0.6444444444444445,0.875,0.7634991233204413,0.8888888888888888,0.8240740740740743,77,0.9
229,229,0.8444444444444444,0.865,0.7737094917280917,0.8444444444444444,0.8424501424501424,77,0.9
230,230,0.7555555555555555,0.8650000000000001,0.7684530164781553,0.8444444444444444,0.8401709401709403,77,0.9
231,231,0.8888888888888888,0.87,0.7666736704832731,0.8,0.8324786324786326,77,0.9
232,232,0.6444444444444445,0.875,0.7628578212652158,0.8222222222222222,0.8301994301994303,77,0.9
233,233,0.7555555555555555,0.87,0.7711641282757258,0.8222222222222222,0.8324786324786326,77,0.9
234,234,0.7555555555555555,0.875,0.7702144906496832,0.8222222222222222,0.8319088319088319,77,0.9
235,235,0.7333333333333333,0.885,0.7672042908418414,0.8222222222222222,0.8263532763532764,77,0.9
236,236,0.7333333333333333,0.89,0.7674471798344799,0.8222222222222222,0.8263532763532764,77,0.9
237,237,0.7555555555555555,0.88,0.7706777119708327,0.8,0.8269230769230771,77,0.9
238,238,0.6222222222222222,0.875,0.768285786241667,0.8666666666666667,0.8313390313390314,77,0.9
239,239,0.8444444444444444,0.8700000000000001,0.7780052166644709,0.8666666666666667,0.835897435897436,77,0.9
240,240,0.5777777777777777,0.875,0.7574710879614602,0.8444444444444444,0.8262108262108263,77,0.9
241,241,0.9111111111111111,0.875,0.7716256692358684,0.8444444444444444,0.8386039886039887,77,0.9
242,242,0.8,0.8800000000000001,0.7789864738005505,0.8444444444444444,0.8430199430199431,77,0.9
243,243,0.7777777777777778,0.8775000000000001,0.7809377718396592,0.8666666666666667,0.8430199430199431,77,0.9
244,244,0.7777777777777778,0.88,0.7762111802619998,0.8222222222222222,0.8380341880341882,77,0.9
245,245,0.6666666666666666,0.865,0.7714765749612863,0.8666666666666667,0.8424501424501424,77,0.9
246,246,0.7777777777777778,0.865,0.7768187004178521,0.8444444444444444,0.8341880341880343,77,0.9
247,247,0.7777777777777778,0.865,0.7757637993415408,0.8444444444444444,0.8424501424501424,77,0.9
248,248,0.7555555555555555,0.865,0.778908420535172,0.8444444444444444,0.848005698005698,77,0.9
249,249,0.7555555555555555,0.865,0.7846038319097212,0.8222222222222222,0.8502849002849004,77,0.9
250,250,0.7111111111111111,0.87,0.7727891653172313,0.8666666666666667,0.8368945868945868,77,0.9
251,251,0.7777777777777778,0.87,0.771682348396783,0.8666666666666667,0.8319088319088321,77,0.9
252,252,0.7555555555555555,0.875,0.7700616872907743,0.8444444444444444,0.8263532763532766,77,0.9
253,253,0.7777777777777778,0.87,0.7700118838303451,0.8222222222222222,0.8263532763532766,77,0.9
254,254,0.7777777777777778,0.87,0.7708446846882623,0.8222222222222222,0.8269230769230771,77,0.9
255,255,0.6,0.875,0.7619212024355081,0.8444444444444444,0.8334757834757837,77,0.9
256,256,0.7555555555555555,0.865,0.7697994349931417,0.8444444444444444,0.8368945868945868,77,0.9
257,257,0.7777777777777778,0.865,0.7684991766172696,0.8222222222222222,0.8363247863247864,77,0.9
258,258,0.8444444444444444,0.865,0.7725778775839988,0.8444444444444444,0.8380341880341882,77,0.9
259,259,0.7777777777777778,0.875,0.7702783044626156,0.8,0.8368945868945868,77,0.9
260,260,0.7333333333333333,0.87,0.76826057658554,0.8222222222222222,0.8313390313390313,77,0.9
261,261,0.6888888888888889,0.87,0.7681347972431899,0.8222222222222222,0.8363247863247864,77,0.9
262,262,0.7111111111111111,0.87,0.767978870374451,0.8222222222222222,0.8363247863247864,77,0.9
263,263,0.7777777777777778,0.865,0.7719040105145755,0.8222222222222222,0.8368945868945868,77,0.9
264,264,0.7777777777777778,0.8600000000000001,0.7667185642825207,0.8444444444444444,0.8313390313390313,77,0.9
265,265,0.7333333333333333,0.855,0.7600024267180383,0.8,0.8351851851851853,77,0.9
266,266,0.7777777777777778,0.855,0.7699347135081562,0.8444444444444444,0.8380341880341882,77,0.9
267,267,0.8444444444444444,0.87,0.7774112153199204,0.8222222222222222,0.8386039886039887,77,0.9
268,268,0.7777777777777778,0.87,0.777436600153237,0.8666666666666667,0.8424501424501424,77,0.9
269,269,0.7777777777777778,0.865,0.7757692189251262,0.8444444444444444,0.8330484330484331,77,0.9
270,270,0.6222222222222222,0.87,0.7674065838304156,0.8444444444444444,0.8357549857549859,77,0.9
271,271,0.7111111111111111,0.865,0.7670100887895507,0.8222222222222222,0.8313390313390313,77,0.9
272,272,0.7555555555555555,0.865,0.7679629525301196,0.8444444444444444,0.8313390313390313,77,0.9
273,273,0.7555555555555555,0.865,0.7708503439149891,0.8444444444444444,0.8368945868945868,77,0.9
274,274,0.7777777777777778,0.865,0.7720873555114777,0.8444444444444444,0.8368945868945868,77,0.9
275,275,0.7777777777777778,0.865,0.7721419990846398,0.8444444444444444,0.8368945868945868,77,0.9
276,276,0.7777777777777778,0.865,0.7716129432036293,0.8444444444444444,0.8368945868945868,77,0.9
277,277,0.6222222222222222,0.87,0.7554163661027596,0.8,0.8235042735042737,77,0.9
278,278,0.8,0.865,0.7610028409159685,0.7777777777777778,0.8263532763532766,77,0.9
279,279,0.7777777777777778,0.865,0.7561254477715761,0.7777777777777778,0.8252136752136753,77,0.9
280,280,0.7555555555555555,0.88,0.7558450446651551,0.8,0.8246438746438748,77,0.9
281,281,0.7777777777777778,0.875,0.7639134160281831,0.8222222222222222,0.8263532763532764,77,0.9
282,282,0.7777777777777778,0.875,0.7705590078206493,0.8222222222222222,0.8330484330484332,77,0.9
283,283,0.7111111111111111,0.875,0.7687681658270985,0.8444444444444444,0.8319088319088319,77,0.9
284,284,0.6444444444444445,0.875,0.7663747664339494,0.8444444444444444,0.8301994301994303,77,0.9
285,285,0.8,0.875,0.7716763909431803,0.8444444444444444,0.8280626780626782,77,0.9
286,286,0.7333333333333333,0.88,0.765890996381961,0.8222222222222222,0.8252136752136753,77,0.9
287,287,0.7333333333333333,0.88,0.767918194027057,0.8444444444444444,0.8252136752136753,77,0.9
288,288,0.7555555555555555,0.88,0.7707551074843038,0.8444444444444444,0.8263532763532766,77,0.9
289,289,0.7777777777777778,0.875,0.7683388070215317,0.8666666666666667,0.8263532763532764,77,0.9
290,290,0.7333333333333333,0.875,0.7674524593213226,0.8444444444444444,0.8263532763532764,77,0.9
291,291,0.7555555555555555,0.87,0.7708228194217098,0.8444444444444444,0.8263532763532766,77,0.9
292,292,0.7555555555555555,0.875,0.7739161747413885,0.8444444444444444,0.8313390313390313,77,0.9
293,293,0.7555555555555555,0.87,0.7746655911819539,0.8444444444444444,0.8319088319088321,77,0.9
294,294,0.6222222222222222,0.87,0.7602599386291121,0.8444444444444444,0.8240740740740742,77,0.9
295,295,0.8,0.86,0.7677106571348632,0.8444444444444444,0.8303418803418805,77,0.9
296,296,0.7777777777777778,0.87,0.7670757745893856,0.8222222222222222,0.8324786324786326,77,0.9
297,297,0.7555555555555555,0.865,0.763457149227533,0.8444444444444444,0.8307692307692308,77,0.9
298,298,0.7777777777777778,0.875,0.7674679073665355,0.8666666666666667,0.8307692307692308,77,0.9
299,299,0.7777777777777778,0.87,0.7711226670855174,0.8222222222222222,0.8324786324786326,77,0.9
300,300,0.7555555555555555,0.87,0.7719355333685399,0.8444444444444444,0.8374643874643876,77,0.9
301,301,0.7555555555555555,0.89,0.771146908292641,0.8444444444444444,0.8319088319088319,77,0.9
302,302,0.7555555555555555,0.895,0.7694266929078072,0.8444444444444444,0.8263532763532764,77,0.9
303,303,0.7555555555555555,0.895,0.7696046448924568,0.8444444444444444,0.8263532763532764,77,0.9
304,304,0.7555555555555555,0.895,0.7696729865397496,0.8444444444444444,0.8263532763532764,77,0.9
305,305,0.7555555555555555,0.895,0.7698051687618132,0.8444444444444444,0.8263532763532764,77,0.9
306,306,0.7555555555555555,0.895,0.7699674180550542,0.8444444444444444,0.8263532763532764,77,0.9
307,307,0.7555555555555555,0.895,0.7701437492328476,0.8444444444444444,0.8263532763532764,77,0.9
308,308,0.7555555555555555,0.895,0.7702422903796541,0.8444444444444444,0.8263532763532764,77,0.9
309,309,0.7555555555555555,0.895,0.7702954541433443,0.8444444444444444,0.8263532763532764,77,0.9
310,310,0.7555555555555555,0.895,0.7702438717388206,0.8444444444444444,0.8263532763532764,77,0.9
311,311,0.7555555555555555,0.895,0.7703811973909988,0.8444444444444444,0.8263532763532764,77,0.9
312,312,0.7555555555555555,0.895,0.7703513650017786,0.8444444444444444,0.8263532763532764,77,0.9
313,313,0.7777777777777778,0.895,0.7689181690454729,0.8444444444444444,0.8257834757834758,77,0.9
314,314,0.6888888888888889,0.88,0.7640521822807007,0.8666666666666667,0.8246438746438748,77,0.9
315,315,0.7777777777777778,0.87,0.7730122456259074,0.8444444444444444,0.8330484330484331,77,0.9
316,316,0.6666666666666666,0.865,0.7776071840744438,0.8888888888888888,0.8524216524216526,77,0.9
317,317,0.7777777777777778,0.865,0.7745090746691369,0.8666666666666667,0.8368945868945868,77,0.9
318,318,0.7555555555555555,0.875,0.7639387693377441,0.8444444444444444,0.8257834757834758,77,0.9
319,319,0.7555555555555555,0.87,0.7642157669166876,0.8222222222222222,0.8263532763532766,77,0.9
320,320,0.7555555555555555,0.87,0.7652738011235654,0.8222222222222222,0.8257834757834758,77,0.9
321,321,0.7555555555555555,0.875,0.7660820978479406,0.8222222222222222,0.8257834757834758,77,0.9
322,322,0.7555555555555555,0.875,0.7663404497947445,0.8444444444444444,0.8257834757834758,77,0.9
323,323,0.7555555555555555,0.875,0.7664106965178563,0.8444444444444444,0.8257834757834758,77,0.9
324,324,0.7555555555555555,0.875,0.7666897814892069,0.8444444444444444,0.8257834757834758,77,0.9
325,325,0.7777777777777778,0.875,0.766819947845111,0.8444444444444444,0.8257834757834758,77,0.9
326,326,0.7555555555555555,0.875,0.7668198948717653,0.8444444444444444,0.8257834757834758,77,0.9
327,327,0.7555555555555555,0.875,0.7661511899052316,0.8444444444444444,0.8257834757834758,77,0.9
328,328,0.7777777777777778,0.88,0.7668186030582327,0.8222222222222222,0.8257834757834758,77,0.9
329,329,0.7777777777777778,0.89,0.7692581503497584,0.8222222222222222,0.8313390313390313,77,0.9
330,330,0.7777777777777778,0.875,0.7682287935782278,0.8222222222222222,0.8263532763532766,77,0.9
331,331,0.7777777777777778,0.865,0.7651379082506666,0.8222222222222222,0.8263532763532766,77,0.9
332,332,0.8,0.865,0.7675295297472512,0.8888888888888888,0.8324786324786326,77,0.9
333,333,0.7555555555555555,0.885,0.7704087978969392,0.8888888888888888,0.8257834757834758,77,0.9
334,334,0.7777777777777778,0.885,0.7663409642867552,0.8444444444444444,0.8313390313390313,77,0.9
335,335,0.7333333333333333,0.87,0.7651971961144111,0.8444444444444444,0.8357549857549859,77,0.9
336,336,0.7555555555555555,0.8650000000000001,0.766340029243098,0.8222222222222222,0.8363247863247864,77,0.9
337,337,0.8,0.8650000000000001,0.7640207589061889,0.8,0.8269230769230771,77,0.9
338,338,0.8,0.8650000000000001,0.7655791072387511,0.8,0.8274928774928776,77,0.9
339,339,0.7555555555555555,0.8650000000000001,0.7639562386896538,0.8,0.8269230769230771,77,0.9
340,340,0.7555555555555555,0.8600000000000001,0.762702226043693,0.8,0.8257834757834758,77,0.9
341,341,0.7555555555555555,0.875,0.7675113350186452,0.8444444444444444,0.8263532763532766,77,0.9
342,342,0.7333333333333333,0.87,0.7666020395869169,0.8666666666666667,0.8257834757834758,77,0.9
343,343,0.7777777777777778,0.865,0.7725487662522175,0.8,0.8269230769230771,77,0.9
344,344,0.7777777777777778,0.865,0.7766344634002315,0.8222222222222222,0.8330484330484331,77,0.9
345,345,0.7777777777777778,0.865,0.7801309058949945,0.8222222222222222,0.8386039886039887,77,0.9
346,346,0.7777777777777778,0.87,0.7805277901374252,0.8222222222222222,0.8386039886039887,77,0.9
347,347,0.7777777777777778,0.87,0.7806705142644282,0.8222222222222222,0.8386039886039887,77,0.9
348,348,0.7777777777777778,0.875,0.7806942851904297,0.8222222222222222,0.8386039886039887,77,0.9
349,349,0.7777777777777778,0.875,0.7807360417054978,0.8222222222222222,0.8386039886039887,77,0.9
350,350,0.7777777777777778,0.88,0.780620119679503,0.8222222222222222,0.8386039886039887,77,0.9
351,351,0.7777777777777778,0.88,0.7779022379190239,0.8222222222222222,0.8330484330484331,77,0.9
352,352,0.7777777777777778,0.88,0.7778812329554904,0.8222222222222222,0.8330484330484331,77,0.9
353,353,0.7777777777777778,0.88,0.77787693889191,0.8222222222222222,0.8330484330484331,77,0.9
354,354,0.7777777777777778,0.885,0.777923751606676,0.8222222222222222,0.8330484330484331,77,0.9
355,355,0.7777777777777778,0.89,0.7780077857030913,0.8222222222222222,0.8330484330484331,77,0.9
356,356,0.7777777777777778,0.89,0.7779512169861283,0.8222222222222222,0.8330484330484331,77,0.9
357,357,0.7777777777777778,0.895,0.7780831609472554,0.8222222222222222,0.8330484330484331,77,0.9
358,358,0.7777777777777778,0.895,0.7767739325083972,0.8222222222222222,0.8274928774928776,77,0.9
359,359,0.7777777777777778,0.895,0.776780335459438,0.8222222222222222,0.8274928774928776,77,0.9
360,360,0.8,0.87,0.7860110202750917,0.8222222222222222,0.8425925925925927,77,0.9
361,361,0.6222222222222222,0.87,0.7573232121907891,0.7777777777777778,0.8290598290598292,77,0.9
362,362,0.7555555555555555,0.88,0.7571590303334418,0.7777777777777778,0.8246438746438748,77,0.9
363,363,0.8444444444444444,0.88,0.7679635902594323,0.8444444444444444,0.8274928774928776,77,0.9
364,364,0.7777777777777778,0.88,0.7669253314182499,0.8222222222222222,0.8307692307692308,77,0.9
365,365,0.7555555555555555,0.875,0.7682202673018139,0.8222222222222222,0.8313390313390313,77,0.9
366,366,0.7555555555555555,0.87,0.7693008366570325,0.8222222222222222,0.8319088319088319,77,0.9
367,367,0.7555555555555555,0.87,0.7698741134589955,0.8222222222222222,0.8319088319088319,77,0.9
368,368,0.7777777777777778,0.87,0.7729449159935952,0.8222222222222222,0.8374643874643876,77,0.9
369,369,0.7777777777777778,0.87,0.7733065372244105,0.8222222222222222,0.8374643874643876,77,0.9
370,370,0.7777777777777778,0.87,0.7732994331831287,0.8222222222222222,0.8374643874643876,77,0.9
371,371,0.7777777777777778,0.87,0.773835081302908,0.8444444444444444,0.8374643874643876,77,0.9
372,372,0.7777777777777778,0.87,0.7737894202540123,0.8444444444444444,0.8374643874643876,77,0.9
373,373,0.7777777777777778,0.87,0.7740366442079795,0.8444444444444444,0.8374643874643876,77,0.9
374,374,0.7777777777777778,0.87,0.7743291788475389,0.8444444444444444,0.8374643874643876,77,0.9
375,375,0.7777777777777778,0.87,0.7744832383337009,0.8444444444444444,0.8374643874643876,77,0.9
376,376,0.7777777777777778,0.87,0.7746494963696695,0.8444444444444444,0.8374643874643876,77,0.9
377,377,0.7777777777777778,0.87,0.7751907425534114,0.8444444444444444,0.8374643874643876,77,0.9
378,378,0.7777777777777778,0.87,0.7753037816308265,0.8444444444444444,0.8374643874643876,77,0.9
379,379,0.7777777777777778,0.87,0.7753311040210925,0.8444444444444444,0.8374643874643876,77,0.9
380,380,0.7777777777777778,0.87,0.7753677893286757,0.8444444444444444,0.8374643874643876,77,0.9
381,381,0.7777777777777778,0.87,0.7755998719310248,0.8444444444444444,0.8374643874643876,77,0.9
382,382,0.7777777777777778,0.87,0.7757639765378452,0.8444444444444444,0.8374643874643876,77,0.9
383,383,0.7777777777777778,0.875,0.7759968023483027,0.8444444444444444,0.8374643874643876,77,0.9
384,384,0.7777777777777778,0.885,0.7761016484248501,0.8444444444444444,0.8374643874643876,77,0.9
385,385,0.7777777777777778,0.885,0.7762466089764027,0.8444444444444444,0.8374643874643876,77,0.9
386,386,0.7777777777777778,0.885,0.7763934895582802,0.8444444444444444,0.8374643874643876,77,0.9
387,387,0.7777777777777778,0.885,0.776593015820668,0.8444444444444444,0.8374643874643876,77,0.9
388,388,0.7777777777777778,0.885,0.7766867710305226,0.8444444444444444,0.8374643874643876,77,0.9
389,389,0.7777777777777778,0.885,0.7767357256543518,0.8444444444444444,0.8374643874643876,77,0.9
390,390,0.7777777777777778,0.885,0.7761732447881309,0.8444444444444444,0.8374643874643876,77,0.9
391,391,0.6444444444444445,0.865,0.7678036003318621,0.8666666666666667,0.8357549857549859,77,0.9
392,392,0.8,0.8600000000000001,0.7729080579627442,0.8444444444444444,0.8336182336182337,77,0.9
393,393,0.7111111111111111,0.88,0.7691380377068092,0.8666666666666667,0.8307692307692308,77,0.9
394,394,0.8,0.88,0.7775323924624413,0.8666666666666667,0.8341880341880343,77,0.9
395,395,0.7555555555555555,0.875,0.7723072895042438,0.8444444444444444,0.8274928774928776,77,0.9
396,396,0.7777777777777778,0.89,0.7796377302590132,0.8666666666666667,0.8393162393162394,77,0.9
397,397,0.7777777777777778,0.89,0.7760679049936048,0.8444444444444444,0.8376068376068376,77,0.9
398,398,0.7777777777777778,0.875,0.7724984572909809,0.8444444444444444,0.8303418803418803,77,0.9
399,399,0.7777777777777778,0.88,0.7690027304566803,0.8444444444444444,0.8313390313390313,77,0.9
400,400,0.7555555555555555,0.88,0.767982144873226,0.8444444444444444,0.8313390313390313,77,0.9
