~iteration~,epoch,acc_yinda_level0,auc_yinda_level0,mean_acc_auc_yinda_level0,mean_average_precision_at_r_level0,precision_at_1_level0,r_precision_level0,best_epoch,best_accuracy
1,1,0.6616379310344828,0.6416004481420776,0.6516191895882801,0.41592881667954773,0.709051724137931,0.6010449714810769,1,0.6516191895882801
2,2,0.6616379310344828,0.6879084628311792,0.674773196932831,0.4255815065917444,0.7112068965517241,0.6074647089162809,2,0.674773196932831
3,3,0.6616379310344828,0.7106578974667526,0.6861479142506177,0.4325020987698092,0.6530172413793104,0.6149769313118704,3,0.6861479142506177
4,4,0.6616379310344828,0.7312081163509617,0.6964230236927222,0.4404653504547588,0.6616379310344828,0.6203323559751045,4,0.6964230236927222
5,5,0.6616379310344828,0.7477748501006245,0.7047063905675537,0.44738220575889764,0.6702586206896551,0.6268869948509908,5,0.7047063905675537
6,6,0.6616379310344828,0.7583248615116498,0.7099813962730663,0.4550575462736766,0.6724137931034483,0.6319482368544235,6,0.7099813962730663
7,7,0.6616379310344828,0.761022012904832,0.7113299719696573,0.46012284801799846,0.7327586206896551,0.6348518684662192,7,0.7113299719696573
8,8,0.6616379310344828,0.757743936596195,0.7096909338153389,0.4625878037173667,0.709051724137931,0.6356599226781782,7,0.7113299719696573
9,9,0.6616379310344828,0.7505031224714205,0.7060705267529517,0.4644309652728917,0.7262931034482758,0.635091061181325,7,0.7113299719696573
10,10,0.6616379310344828,0.7385734143861907,0.7001056727103367,0.46573451483526407,0.7543103448275862,0.6318090012309079,7,0.7113299719696573
11,11,0.6616379310344828,0.7168613456710721,0.6892496383527774,0.4640924921496089,0.728448275862069,0.6290684432482101,7,0.7113299719696573
12,12,0.6616379310344828,0.6977115707794768,0.6796747509069798,0.46256278186339284,0.7456896551724138,0.6274637120542294,7,0.7113299719696573
13,13,0.6616379310344828,0.6862071827216332,0.673922556878058,0.4663672331115125,0.7607758620689655,0.6307048681541582,7,0.7113299719696573
14,14,0.6616379310344828,0.6877217369654971,0.67467983399999,0.47090229144392837,0.7650862068965517,0.6338422747525182,7,0.7113299719696573
15,15,0.6616379310344828,0.6966223365629991,0.679130133798741,0.4758537939326805,0.7844827586206896,0.637702406338309,7,0.7113299719696573
16,16,0.6616379310344828,0.7039980082574329,0.6828179696459578,0.4796544659545178,0.7564655172413793,0.6402357362042961,7,0.7113299719696573
17,17,0.6616379310344828,0.7139670947530032,0.6878025128937431,0.48518210304395076,0.7478448275862069,0.644415513774033,7,0.7113299719696573
18,18,0.6616379310344828,0.72769144588062,0.6946646884575514,0.4905905008294596,0.75,0.6492261858324231,7,0.7113299719696573
19,19,0.6616379310344828,0.7438536069213054,0.7027457689778941,0.4965496635969626,0.75,0.6535118799951458,7,0.7113299719696573
20,20,0.6616379310344828,0.7610323865640366,0.7113351587992597,0.5027321899159108,0.7607758620689655,0.658397587593835,20,0.7113351587992597
21,21,0.6918103448275862,0.7810120541919957,0.736411199509791,0.5100036711053818,0.771551724137931,0.6642373571886756,21,0.736411199509791
22,22,0.7306034482758621,0.7971949625510903,0.7638992054134762,0.5169061065976556,0.7758620689655172,0.6695288526551204,22,0.7638992054134762
23,23,0.7456896551724138,0.8128799352683664,0.7792847952203901,0.5232427270013384,0.7758620689655172,0.6750785028865658,23,0.7792847952203901
24,24,0.7607758620689655,0.822548185647005,0.7916620238579852,0.5260776795217513,0.7650862068965517,0.6778141849135765,24,0.7916620238579852
25,25,0.7693965517241379,0.8314280379260981,0.800412294825118,0.5269353923761141,0.7392241379310345,0.6784039046653144,25,0.800412294825118
26,26,0.7650862068965517,0.8368845826676902,0.8009853947821209,0.5248022797467156,0.7392241379310345,0.6766244517258716,26,0.8009853947821209
27,27,0.771551724137931,0.8408888151206457,0.8062202696292884,0.5222608240608012,0.7262931034482758,0.6743568614448432,27,0.8062202696292884
28,28,0.771551724137931,0.8438556816531463,0.8077037028955387,0.5206309793617978,0.728448275862069,0.6728279784504431,28,0.8077037028955387
29,29,0.7521551724137931,0.8475072096931471,0.7998311910534701,0.5203781315712231,0.7198275862068966,0.6720854787538357,28,0.8077037028955387
30,30,0.7564655172413793,0.8508890225938297,0.8036772699176045,0.52212323325248,0.7241379310344828,0.673369209531735,28,0.8077037028955387
31,31,0.75,0.8551837175045125,0.8025918587522562,0.5258716309520463,0.7262931034482758,0.6762628183457291,28,0.8077037028955387
32,32,0.7456896551724138,0.8593539285047407,0.8025217918385772,0.5296249174273241,0.7241379310344828,0.678791814028883,28,0.8077037028955387
33,33,0.7478448275862069,0.8635863814601963,0.8057156045232016,0.5338638373060023,0.7241379310344828,0.6812706957230282,28,0.8077037028955387
34,34,0.7586206896551724,0.8671341729081516,0.812877431281662,0.5398889337567336,0.7370689655172413,0.6855658709106984,34,0.812877431281662
35,35,0.7607758620689655,0.8696445984356521,0.8152102302523088,0.5432857824793281,0.7370689655172413,0.6864939278098506,35,0.8152102302523088
36,36,0.7693965517241379,0.8705782277640615,0.8199873897440997,0.5479101591339366,0.7349137931034483,0.6900885906971099,36,0.8199873897440997
37,37,0.7780172413793104,0.8720927820079254,0.825055011693618,0.5550737194456847,0.7413793103448276,0.6967171815675871,37,0.825055011693618
38,38,0.7866379310344828,0.874167513848835,0.8304027224416588,0.5608279121725576,0.7693965517241379,0.7005913992475858,38,0.8304027224416588
39,39,0.7952586206896551,0.8747691860826987,0.835013903386177,0.5663883721546081,0.75,0.7051087013054558,39,0.835013903386177
40,40,0.7931034482758621,0.8750596485404262,0.8340815484081441,0.5701280545628458,0.7629310344827586,0.708729098403287,39,0.835013903386177
41,41,0.790948275862069,0.8740637772567896,0.8325060265594293,0.5758256437282954,0.752155172413793,0.7143009613217524,39,0.835013903386177
42,42,0.8081896551724138,0.8752878690429262,0.84173876210767,0.5859562871609607,0.7456896551724138,0.722306738787469,42,0.84173876210767
43,43,0.8146551724137931,0.8751426378140624,0.8448989051139277,0.5904423704809775,0.7607758620689655,0.7246068354397461,43,0.8448989051139277
44,44,0.8168103448275862,0.8753293636797443,0.8460698542536653,0.5913075002731613,0.7650862068965517,0.7246043974619025,44,0.8460698542536653
45,45,0.8168103448275862,0.875910288595199,0.8463603167113927,0.5931105825133587,0.771551724137931,0.7253038262166052,45,0.8463603167113927
46,46,0.8103448275862069,0.8765327081474721,0.8434387678668395,0.5939769315147012,0.7693965517241379,0.7249812004819611,45,0.8463603167113927
47,47,0.8125,0.8780887570281541,0.8452943785140771,0.5964090896394797,0.7844827586206896,0.725443874499402,45,0.8463603167113927
48,48,0.8168103448275862,0.8800597522770182,0.8484350485523022,0.6041283816806302,0.7866379310344828,0.7317354826546004,48,0.8484350485523022
49,49,0.8189655172413793,0.8815950538392913,0.8502802855403353,0.6069115667267283,0.7693965517241379,0.7332039579757632,49,0.8502802855403353
50,50,0.8168103448275862,0.8824249465756551,0.8496176457016207,0.6068442147735059,0.7650862068965517,0.7326345547060557,49,0.8502802855403353
51,51,0.8103448275862069,0.8830681134463371,0.8467064705162719,0.6086304205132683,0.7737068965517241,0.7341813162046428,49,0.8502802855403353
52,52,0.8103448275862069,0.8841054793667918,0.8472251534764994,0.608122205295657,0.7650862068965517,0.733536877394636,49,0.8502802855403353
53,53,0.8103448275862069,0.8863876843917924,0.8483662559889996,0.6116157192425008,0.771551724137931,0.7362777062637611,49,0.8502802855403353
54,54,0.8254310344827587,0.888213448411793,0.8568222414472758,0.6142727768731561,0.7672413793103449,0.7373395810578874,54,0.8568222414472758
55,55,0.8168103448275862,0.8885454055063382,0.8526778751669621,0.6144482334096623,0.7758620689655172,0.7369982641597753,54,0.8568222414472758
56,56,0.8146551724137931,0.8889810991929293,0.8518181358033612,0.6166234910083455,0.7758620689655172,0.7392552898701478,54,0.8568222414472758
57,57,0.8125,0.8890640884665657,0.8507820442332829,0.6186213861084935,0.7866379310344828,0.74179647544252,54,0.8568222414472758
58,58,0.8168103448275862,0.8900392124317933,0.8534247786296898,0.6185675436451205,0.7887931034482758,0.7405197877117248,54,0.8568222414472758
59,59,0.8232758620689655,0.8910558310338388,0.8571658465514022,0.6184562872172303,0.7823275862068966,0.738592159896673,59,0.8571658465514022
60,60,0.8232758620689655,0.8914292827652025,0.8573525724170841,0.6205505905108516,0.7780172413793104,0.7405866966592118,60,0.8573525724170841
61,61,0.8189655172413793,0.8914292827652026,0.8551974000032909,0.6196095524952405,0.7801724137931034,0.7404618180163312,60,0.8573525724170841
62,62,0.8168103448275862,0.8915330193572482,0.8541716820924172,0.6207272477655086,0.7737068965517241,0.7420134554706055,60,0.8573525724170841
63,63,0.8211206896551724,0.8921969335463391,0.8566588116007557,0.6227886061306507,0.7693965517241379,0.7437159766647596,60,0.8573525724170841
64,64,0.8254310344827587,0.8941679287952033,0.859799481638981,0.6236680869702669,0.7737068965517241,0.7422274557479932,64,0.859799481638981
65,65,0.8405172413793104,0.8960351874520218,0.8682762144156662,0.6286841569041288,0.7672413793103449,0.7455891563079697,65,0.8682762144156662
66,66,0.8405172413793104,0.8966991016411128,0.8686081715102116,0.6309979180454622,0.771551724137931,0.7475384550371872,66,0.8686081715102116
67,67,0.8297413793103449,0.8965538704122493,0.863147624861297,0.6304181674169911,0.7672413793103449,0.7476354323780794,66,0.8686081715102116
68,68,0.8318965517241379,0.8964086391833855,0.8641525954537617,0.6305901908393404,0.7586206896551724,0.7485483196373155,66,0.8686081715102116
69,69,0.8318965517241379,0.8968650801883856,0.8643808159562618,0.6328262999158909,0.752155172413793,0.7508522086995718,66,0.8686081715102116
70,70,0.8297413793103449,0.8974460051038403,0.8635936922070926,0.6347526012063408,0.7543103448275862,0.7527178035228238,66,0.8686081715102116
71,71,0.8318965517241379,0.8979854353824769,0.8649409935533074,0.636230688215029,0.771551724137931,0.7536263565992266,66,0.8686081715102116
72,72,0.8362068965517241,0.8981929085665677,0.8671999025591459,0.6356648523155495,0.7650862068965517,0.7534573234687333,66,0.8686081715102116
73,73,0.8297413793103449,0.8981929085665676,0.8639671439384562,0.631815579691345,0.7564655172413793,0.7499046479776702,66,0.8686081715102116
74,74,0.8297413793103449,0.8985248656611132,0.864133122485729,0.6318789916473826,0.7693965517241379,0.7496123615228584,66,0.8686081715102116
75,75,0.8232758620689655,0.8986908442083861,0.8609833531386758,0.6325616366744526,0.7543103448275862,0.7503356282831435,66,0.8686081715102116
76,76,0.8362068965517241,0.8996659681736137,0.8679364323626688,0.6374451703057985,0.7564655172413793,0.7544016335535099,66,0.8686081715102116
77,77,0.834051724137931,0.9002883877258865,0.8671700559319088,0.6375073984821676,0.7629310344827586,0.7540218507827534,66,0.8686081715102116
78,78,0.8275862068965517,0.900412871636341,0.8639995392664463,0.6375532456717821,0.7586206896551724,0.7542672738856816,66,0.8686081715102116
79,79,0.8297413793103449,0.9010352911886138,0.8653883352494793,0.6385578314682904,0.7737068965517241,0.7547031301468422,66,0.8686081715102116
80,80,0.8275862068965517,0.9007655760492956,0.8641758914729236,0.6382937671727952,0.771551724137931,0.7545397856313171,66,0.8686081715102116
81,81,0.8318965517241379,0.9022593829747505,0.8670779673494442,0.6400486596159095,0.7801724137931034,0.7554231462700023,66,0.8686081715102116
82,82,0.8275862068965517,0.9021141517458868,0.8648501793212193,0.6389148598596035,0.7887931034482758,0.7545595603404935,66,0.8686081715102116
83,83,0.8275862068965517,0.9024046142036141,0.8649954105500829,0.6406349271606571,0.7931034482758621,0.756698208682235,66,0.8686081715102116
84,84,0.8297413793103449,0.9029440444822507,0.8663427118962979,0.6414785547730901,0.7844827586206896,0.7572131637801008,66,0.8686081715102116
85,85,0.8275862068965517,0.9036494533081599,0.8656178301023558,0.6431505426030668,0.8017241379310345,0.7580450559976422,66,0.8686081715102116
86,86,0.8318965517241379,0.9041681362683873,0.8680323439962626,0.6446356455547753,0.7931034482758621,0.7589278748634732,66,0.8686081715102116
87,87,0.8405172413793104,0.9049357870495239,0.8727265142144172,0.6471174420010182,0.790948275862069,0.760606828938472,87,0.8727265142144172
88,88,0.8448275862068966,0.9052884914624785,0.8750580388346876,0.6504533608365621,0.7995689655172413,0.7639528180856782,88,0.8750580388346876
89,89,0.834051724137931,0.9051017655967967,0.8695767448673639,0.6489242268572623,0.7974137931034483,0.7624892187202026,88,0.8750580388346876
90,90,0.8297413793103449,0.9048113031390692,0.8672763412247071,0.6438298326123522,0.8103448275862069,0.7571887840016643,88,0.8750580388346876
91,91,0.8318965517241379,0.9054337226913423,0.8686651372077401,0.6436125521020606,0.8125,0.7565156312303878,88,0.8750580388346876
92,92,0.834051724137931,0.9057864271042967,0.8699190756211139,0.6443913060062747,0.8168103448275862,0.7566773504273504,88,0.8750580388346876
93,93,0.834051724137931,0.9059109110147514,0.8699813175763412,0.644408823393788,0.8103448275862069,0.7567147327542865,88,0.8750580388346876
94,94,0.8383620689655172,0.9065540778854333,0.8724580734254752,0.6460001216710834,0.8103448275862069,0.7574434172431129,88,0.8750580388346876
95,95,0.8426724137931034,0.9068652876615696,0.8747688507273366,0.6478257403211574,0.8017241379310345,0.7588945558329433,88,0.8750580388346876
96,96,0.8383620689655172,0.9068860349799789,0.8726240519727481,0.6464301898025709,0.7974137931034483,0.7577806708448189,88,0.8750580388346876
97,97,0.834051724137931,0.9068237930247516,0.8704377585813413,0.6450428301817626,0.7931034482758621,0.7568106265494703,88,0.8750580388346876
98,98,0.834051724137931,0.9070727608456607,0.8705622424917958,0.6499706838155602,0.8017241379310345,0.7624697148974532,88,0.8750580388346876
99,99,0.8362068965517241,0.9075499491690697,0.8718784228603969,0.6519678123400798,0.7952586206896551,0.7639717801355731,88,0.8750580388346876
100,100,0.834051724137931,0.9074669598954335,0.8707593420166823,0.6499895754277696,0.7866379310344828,0.7620560713233127,88,0.8750580388346876
101,101,0.8318965517241379,0.9071142554824789,0.8695054036033084,0.6460749918865188,0.7931034482758621,0.7587802417607185,88,0.8750580388346876
102,102,0.8275862068965517,0.9072802340297517,0.8674332204631516,0.6480939425066574,0.7952586206896551,0.7615963770565697,88,0.8750580388346876
103,103,0.8362068965517241,0.9082761053133882,0.8722415009325561,0.6520428255531745,0.8081896551724138,0.7642047424628561,88,0.8750580388346876
104,104,0.8405172413793104,0.9090645034129339,0.8747908723961222,0.6545167637483985,0.8060344827586207,0.7658148913853781,88,0.8750580388346876
105,105,0.8405172413793104,0.9094172078258885,0.8749672246025995,0.6551919967469376,0.8103448275862069,0.766222304571696,88,0.8750580388346876
106,106,0.8426724137931034,0.9094794497811158,0.8760759317871096,0.6548045128535619,0.814655172413793,0.7658601294186994,106,0.8760759317871096
107,107,0.8426724137931034,0.9096039336915703,0.8761381737423368,0.6530106063901343,0.8038793103448276,0.7648518901371334,107,0.8761381737423368
108,108,0.8469827586206896,0.9099151434677067,0.8784489510441982,0.651001026575578,0.8017241379310345,0.7623432109360101,108,0.8784489510441982
109,109,0.8469827586206896,0.9105375630199797,0.8787601608203346,0.6547263076630678,0.814655172413793,0.7654315870910697,109,0.8787601608203346
110,110,0.8469827586206896,0.9110769932986161,0.8790298759596529,0.6566688158815124,0.8168103448275862,0.7666383861236802,110,0.8790298759596529
111,111,0.8512931034482759,0.911035498661798,0.881164301055037,0.6566136071042283,0.8189655172413793,0.7668420927168391,111,0.881164301055037
112,112,0.8512931034482759,0.9109525093881616,0.8811228064182188,0.6558173562138913,0.8081896551724138,0.7667069203897297,111,0.881164301055037
113,113,0.8491379310344828,0.9110977406170252,0.880117835825754,0.6560286743490216,0.8125,0.7671549665401084,111,0.881164301055037
114,114,0.8426724137931034,0.9111184879354344,0.8768954508642689,0.6565324974906416,0.8232758620689655,0.7681092994226868,111,0.881164301055037
115,115,0.8448275862068966,0.9112222245274798,0.8780249053671882,0.6560083137254121,0.8125,0.7674857188675646,111,0.881164301055037
116,116,0.8512931034482759,0.9123218324031619,0.8818074679257188,0.657974788994856,0.8081896551724138,0.7684582011407569,116,0.8818074679257188
117,117,0.853448275862069,0.9123425797215711,0.88289542779182,0.6627329993925006,0.8038793103448276,0.7731047160243408,117,0.88289542779182
118,118,0.8556034482758621,0.9126952841345257,0.8841493662051939,0.6644640223245339,0.8017241379310345,0.7748196979941401,118,0.8841493662051939
119,119,0.8469827586206896,0.9127990207265712,0.8798908896736304,0.663296794747013,0.8038793103448276,0.7744201405142073,118,0.8841493662051939
120,120,0.8448275862068966,0.9130687358658893,0.878948161036393,0.6641508502431721,0.8232758620689655,0.775186478216397,118,0.8841493662051939
121,121,0.8556034482758621,0.9134214402788441,0.8845124442773531,0.6682480304008517,0.814655172413793,0.7786023560617882,121,0.8845124442773531
122,122,0.853448275862069,0.9138986286022531,0.883673452232161,0.6690429689264716,0.814655172413793,0.7785414066156966,121,0.8845124442773531
123,123,0.8556034482758621,0.9139816178758895,0.8847925330758758,0.669227939006008,0.8232758620689655,0.7786955409927013,123,0.8847925330758758
124,124,0.8556034482758621,0.9140438598311169,0.8848236540534895,0.6680761951143986,0.8211206896551724,0.7771688250897175,124,0.8848236540534895
125,125,0.8556034482758621,0.9142305856967987,0.8849170169863304,0.6682959517415025,0.8211206896551724,0.7779571045925002,125,0.8849170169863304
126,126,0.8383620689655172,0.9138363866470259,0.8760992278062716,0.6655690511768436,0.814655172413793,0.7760359780516982,125,0.8849170169863304
127,127,0.8426724137931034,0.9138571339654349,0.8782647738792692,0.6658159661967322,0.8211206896551724,0.7763120113208856,125,0.8849170169863304
128,128,0.8426724137931034,0.9138986286022531,0.8782855211976783,0.6679141837876122,0.8232758620689655,0.7778888412128777,125,0.8849170169863304
129,129,0.8469827586206896,0.9143758169256624,0.880679287773176,0.6687935307651515,0.8232758620689655,0.7785636193027167,125,0.8849170169863304
130,130,0.8512931034482759,0.9146040374281624,0.8829485704382192,0.6676954918482093,0.8125,0.7770691388845545,125,0.8849170169863304
131,131,0.853448275862069,0.9147285213386169,0.8840883986003429,0.6693840323324584,0.8060344827586207,0.7789824097189716,125,0.8849170169863304
132,132,0.8577586206896551,0.9148944998858898,0.8863265602877725,0.6700779220119462,0.8081896551724138,0.7797444132383282,132,0.8863265602877725
133,133,0.8512931034482759,0.9148322579306626,0.8830626806894692,0.67047173768067,0.8103448275862069,0.7801290719647717,132,0.8863265602877725
134,134,0.8556034482758621,0.9152057096620262,0.8854045789689442,0.6717228015265986,0.8017241379310345,0.7809089539883151,132,0.8863265602877725
135,135,0.853448275862069,0.914956741841117,0.884202508851593,0.6728695512876227,0.8103448275862069,0.7822679911929405,132,0.8863265602877725
136,136,0.8426724137931034,0.9150812257515716,0.8788768197723376,0.6716097878599027,0.8038793103448276,0.7815997143773513,132,0.8863265602877725
137,137,0.8512931034482759,0.9151849623436171,0.8832390328959465,0.6715696312557604,0.8060344827586207,0.7808282298330472,132,0.8863265602877725
138,138,0.8577586206896551,0.9160978443536173,0.8869282325216362,0.672373144102214,0.8081896551724138,0.7809452527695427,138,0.8869282325216362
139,139,0.8577586206896551,0.9164298014481628,0.887094211068909,0.6749539759061198,0.8103448275862069,0.7833247191449524,139,0.887094211068909
140,140,0.8577586206896551,0.9165957799954356,0.8871772003425453,0.6729746971497698,0.8081896551724138,0.7811218707199944,140,0.8871772003425453
141,141,0.8599137931034483,0.9167617585427084,0.8883377758230784,0.6731184184784029,0.8038793103448276,0.7813342456788197,141,0.8883377758230784
142,142,0.8577586206896551,0.9166995165874812,0.8872290686385682,0.6733797313956992,0.8060344827586207,0.7814585825488463,141,0.8883377758230784
143,143,0.8599137931034483,0.9165542853586175,0.8882340392310328,0.673768514023969,0.8103448275862069,0.7820659099183439,141,0.8883377758230784
144,144,0.8556034482758621,0.916678769269072,0.8861411087724671,0.6766104560785848,0.814655172413793,0.7849950048542848,141,0.8883377758230784
145,145,0.8577586206896551,0.9165750326770266,0.8871668266833408,0.6754431042316142,0.8060344827586207,0.7841468594511191,141,0.8883377758230784
146,146,0.8556034482758621,0.9167825058611175,0.8861929770684898,0.6753026312584335,0.8060344827586207,0.7839393604479811,141,0.8883377758230784
147,147,0.8512931034482759,0.9165542853586175,0.8839236944034468,0.6750746086065201,0.8038793103448276,0.7840214390353842,141,0.8883377758230784
148,148,0.8599137931034483,0.9168240004979357,0.888368896800692,0.6763672497655302,0.8060344827586207,0.784706510809452,148,0.888368896800692
149,149,0.8599137931034483,0.9172596941845267,0.8885867436439875,0.6774068557035601,0.8081896551724138,0.7851152784279052,149,0.8885867436439875
150,150,0.8577586206896551,0.9172596941845266,0.8875091574370908,0.6775723203484051,0.8060344827586207,0.7850827720566564,149,0.8885867436439875
151,151,0.8577586206896551,0.9175916512790722,0.8876751359843637,0.6779667769710922,0.8038793103448276,0.7852946052426275,149,0.8885867436439875
152,152,0.8599137931034483,0.9175709039606631,0.8887423485320557,0.6783620046780161,0.8060344827586207,0.7854909979022555,152,0.8887423485320557
153,153,0.8599137931034483,0.9175294093238449,0.8887216012136465,0.6783140971147164,0.7952586206896551,0.7855684714203984,152,0.8887423485320557
154,154,0.8577586206896551,0.9178821137367995,0.8878203672132273,0.6792071745367319,0.8038793103448276,0.7860482112827447,152,0.8887423485320557
155,155,0.8599137931034483,0.9181518288761177,0.8890328109897829,0.6803515172355351,0.8103448275862069,0.7868717060210467,155,0.8890328109897829
156,156,0.8599137931034483,0.9185667752442996,0.889240284173874,0.6807366591586299,0.8081896551724138,0.7869399694006692,156,0.889240284173874
157,157,0.8577586206896551,0.9184630386522542,0.8881108296709547,0.6798193231806849,0.8081896551724138,0.7862741305629237,156,0.889240284173874
158,158,0.8599137931034483,0.9187535011099816,0.8893336471067149,0.679985990503524,0.8103448275862069,0.7864889434995926,158,0.8893336471067149
159,159,0.8620689655172413,0.918877985020436,0.8904734752688387,0.6801050297762707,0.8017241379310345,0.7865477258542675,159,0.8904734752688387
160,160,0.8620689655172413,0.9188364903836179,0.8904527279504296,0.6803693691359907,0.8081896551724138,0.7865382448293199,159,0.8904734752688387
161,161,0.8620689655172413,0.9192721840702089,0.8906705747937251,0.6811778535953295,0.8103448275862069,0.786861683223245,161,0.8906705747937251
162,162,0.8620689655172413,0.9192099421149816,0.8906394538161115,0.6809457905313803,0.8038793103448276,0.7865371612836116,161,0.8906705747937251
163,163,0.8620689655172413,0.9191477001597543,0.8906083328384978,0.6798235773827036,0.8017241379310345,0.7857090614760492,161,0.8906705747937251
164,164,0.8577586206896551,0.9193759206622545,0.8885672706759549,0.6769977216182517,0.8103448275862069,0.7829736503354658,161,0.8906705747937251
165,165,0.8599137931034483,0.9196871304383908,0.8898004617709195,0.6784989422244211,0.7995689655172413,0.7837822463202787,161,0.8906705747937251
166,166,0.8599137931034483,0.9198531089856636,0.8898834510445559,0.679381716210276,0.8017241379310345,0.7843930952133285,161,0.8906705747937251
167,167,0.8599137931034483,0.9198116143488454,0.8898627037261468,0.6818188495541195,0.8038793103448276,0.7871461139716718,161,0.8906705747937251
168,168,0.8599137931034483,0.9197701197120274,0.8898419564077378,0.6814181375528495,0.8103448275862069,0.7868080477106846,161,0.8906705747937251
169,169,0.8599137931034483,0.9198531089856636,0.8898834510445559,0.6808879321459257,0.8103448275862069,0.7865130523916021,161,0.8906705747937251
170,170,0.8599137931034483,0.9201643187618,0.8900390559326241,0.6806616952295723,0.8060344827586207,0.7864017180700751,161,0.8906705747937251
171,171,0.8577586206896551,0.9201643187618,0.8889614697257275,0.6808771852813796,0.814655172413793,0.7864921941367174,161,0.8906705747937251
172,172,0.8556034482758621,0.9204340339011181,0.8880187410884901,0.680525296672373,0.7974137931034483,0.7862985103413601,161,0.8906705747937251
173,173,0.853448275862069,0.9204962758563455,0.8869722758592072,0.6826590845798217,0.8017241379310345,0.7889036251105216,161,0.8906705747937251
174,174,0.8577586206896551,0.920828232950891,0.889293426820273,0.6832953747372008,0.814655172413793,0.7890217315927254,161,0.8906705747937251
175,175,0.8599137931034483,0.9209527168613456,0.890433254982397,0.6836555027383532,0.8081896551724138,0.7894892815658535,161,0.8906705747937251
176,176,0.8642241379310345,0.9215543890952095,0.892889263513122,0.6842273547361449,0.8211206896551724,0.7896106386851823,176,0.892889263513122
177,177,0.8642241379310345,0.9214713998215731,0.8928477688763038,0.6846054279469379,0.8103448275862069,0.7900153430072294,176,0.892889263513122
178,178,0.8642241379310345,0.9219900827818005,0.8931071103564174,0.6850034713499087,0.8125,0.7901708318163695,178,0.8931071103564174
179,179,0.8620689655172413,0.9221353140106642,0.8921021397639528,0.6857662928183758,0.8125,0.7904902069138884,178,0.8931071103564174
180,180,0.8620689655172413,0.9220730720554368,0.892071018786339,0.6860462657904097,0.814655172413793,0.7906437995180389,178,0.8931071103564174
181,181,0.8620689655172413,0.9221975559658915,0.8921332607415664,0.6866813839265633,0.8211206896551724,0.7912687345052964,178,0.8931071103564174
182,182,0.8620689655172413,0.9223012925579369,0.8921851290375891,0.6890163493722734,0.8211206896551724,0.7937508668365666,178,0.8931071103564174
183,183,0.8642241379310345,0.9223012925579369,0.8932627152444856,0.6896549238686188,0.8232758620689655,0.7942888472807337,183,0.8932627152444856
184,184,0.8642241379310345,0.9226125023340732,0.8934183201325538,0.6895774831802292,0.8125,0.7943465460897001,184,0.8934183201325538
185,185,0.8642241379310345,0.9227369862445279,0.8934805620877813,0.6895310335245775,0.8125,0.794368217003866,185,0.8934805620877813
186,186,0.8663793103448276,0.9227784808813462,0.8945788956130869,0.6890779721813798,0.814655172413793,0.7943500676132521,186,0.8945788956130869
187,187,0.8642241379310345,0.9227992281997551,0.8935116830653949,0.6888599045499437,0.7995689655172413,0.7940967888039389,186,0.8945788956130869
188,188,0.8620689655172413,0.9228407228365734,0.8924548441769073,0.6885783557712841,0.8017241379310345,0.7936945224597354,186,0.8945788956130869
189,189,0.8599137931034483,0.9228822174733916,0.89139800528842,0.6868613896307592,0.8017241379310345,0.7916252210433244,186,0.8945788956130869
190,190,0.8577586206896551,0.922985954065437,0.8903722873775461,0.6886555558669041,0.8060344827586207,0.7938321327646886,186,0.8945788956130869
191,191,0.8599137931034483,0.9227784808813462,0.8913461369923972,0.6886167320280214,0.8125,0.7940491127927739,186,0.8945788956130869
192,192,0.8599137931034483,0.9230274487022553,0.8914706209028518,0.6887687876387156,0.8103448275862069,0.794237920632444,186,0.8945788956130869
193,193,0.8577586206896551,0.9232556692047553,0.8905071449472053,0.6895394729127966,0.8103448275862069,0.7946399160902203,186,0.8945788956130869
194,194,0.8556034482758621,0.9233801531152098,0.8894918006955359,0.6900004747145746,0.8168103448275862,0.7948260150656195,186,0.8945788956130869
195,195,0.8620689655172413,0.9232556692047552,0.8926623173609982,0.6907517638036086,0.8125,0.7951207394982749,186,0.8945788956130869
196,196,0.8642241379310345,0.9235668789808917,0.8938955084559631,0.6913468349587041,0.8038793103448276,0.7952174459527399,186,0.8945788956130869
197,197,0.8663793103448276,0.9236291209361189,0.8950042156404733,0.6919461841531932,0.8081896551724138,0.7954997096097501,197,0.8950042156404733
198,198,0.8642241379310345,0.923629120936119,0.8939266294335768,0.6918685149053055,0.8254310344827586,0.7956183578648082,197,0.8950042156404733
199,199,0.8599137931034483,0.9236913628913462,0.8918025779973973,0.6908151490127377,0.8211206896551724,0.7950410988887155,197,0.8950042156404733
200,200,0.8599137931034483,0.92383659412021,0.8918751936118292,0.691055275285861,0.8189655172413793,0.7953025042908409,197,0.8950042156404733
201,201,0.8577586206896551,0.9237743521649827,0.8907664864273189,0.6907824639589162,0.8189655172413793,0.7950500381408089,197,0.8950042156404733
202,202,0.8599137931034483,0.9237743521649827,0.8918440726342155,0.6904304707594203,0.8232758620689655,0.7949441215478233,197,0.8950042156404733
203,203,0.8599137931034483,0.9240025726674828,0.8919581828854655,0.6911809832834228,0.8211206896551724,0.7950993394705361,197,0.8950042156404733
204,204,0.8620689655172413,0.9245420029461192,0.8933054842316803,0.6914475154799066,0.8168103448275862,0.7951871066729078,197,0.8950042156404733
205,205,0.8620689655172413,0.9248324654038467,0.893450715460544,0.6916838834404562,0.8103448275862069,0.7952117573377715,197,0.8950042156404733
206,206,0.8620689655172413,0.9248117180854374,0.8934403418013394,0.691889592415955,0.814655172413793,0.7953837702189629,197,0.8950042156404733
207,207,0.8620689655172413,0.9248739600406648,0.8934714627789531,0.6921961876826291,0.814655172413793,0.7955601172829875,197,0.8950042156404733
208,208,0.8620689655172413,0.9248947073590739,0.8934818364381576,0.69285023061761,0.8125,0.7959732190842738,197,0.8950042156404733
209,209,0.8620689655172413,0.9247702234486193,0.8934195944829303,0.693260937319237,0.8189655172413793,0.796107578752102,197,0.8950042156404733
210,210,0.8620689655172413,0.9246042449013465,0.8933366052092939,0.6925712646439497,0.8168103448275862,0.7957538010783446,197,0.8950042156404733
211,211,0.8620689655172413,0.9250399385879374,0.8935544520525893,0.6928762886308814,0.8189655172413793,0.795759218806886,197,0.8950042156404733
212,212,0.8620689655172413,0.9251644224983921,0.8936166940078167,0.6935504591932576,0.8168103448275862,0.7960669457880412,197,0.8950042156404733
213,213,0.8620689655172413,0.9250399385879375,0.8935544520525894,0.6930988646947651,0.814655172413793,0.7959713228792843,197,0.8950042156404733
214,214,0.8642241379310345,0.9250399385879374,0.8946320382594859,0.6931565794296157,0.8125,0.7960008494998352,197,0.8950042156404733
215,215,0.8620689655172413,0.9252059171352103,0.8936374413262258,0.6934300484216053,0.8189655172413793,0.7960135811619077,197,0.8950042156404733
216,216,0.8620689655172413,0.925371895682483,0.8937204305998622,0.6931345051720041,0.8103448275862069,0.7956635958981293,197,0.8950042156404733
217,217,0.8642241379310345,0.9251851698168011,0.8947046538739178,0.6928836911640422,0.814655172413793,0.7954647652606577,197,0.8950042156404733
218,218,0.8620689655172413,0.9252059171352103,0.8936374413262258,0.6934206724601039,0.814655172413793,0.7959417962587334,197,0.8950042156404733
219,219,0.8620689655172413,0.9251851698168012,0.8936270676670213,0.6934284302736894,0.8211206896551724,0.7961809889738388,197,0.8950042156404733
220,220,0.8642241379310345,0.9252474117720284,0.8947357748515314,0.6937294971141152,0.8275862068965517,0.796377923406321,197,0.8950042156404733
221,221,0.8620689655172413,0.9252474117720284,0.8936581886446349,0.6941267981733585,0.8275862068965517,0.7965477691960957,197,0.8950042156404733
222,222,0.8620689655172413,0.9253096537272557,0.8936893096222485,0.6944536507864552,0.8318965517241379,0.7970055672578492,197,0.8950042156404733
223,223,0.8620689655172413,0.925164422498392,0.8936166940078167,0.695819875516025,0.8318965517241379,0.7983981943794317,197,0.8950042156404733
224,224,0.8620689655172413,0.9254341376377104,0.8937515515774759,0.6947771777141972,0.8362068965517241,0.7971813725490196,197,0.8950042156404733
225,225,0.8620689655172413,0.9255171269113467,0.893793046214294,0.696305280565832,0.8275862068965517,0.7989229013886722,197,0.8950042156404733
226,226,0.8620689655172413,0.9254963795929376,0.8937826725550895,0.6969769528384,0.8297413793103449,0.7996228719162288,197,0.8950042156404733
227,227,0.8663793103448276,0.925371895682483,0.8958756030136553,0.6966551953652481,0.8211206896551724,0.7994438159879337,227,0.8958756030136553
228,228,0.8685344827586207,0.9254963795929376,0.8970154311757792,0.6964173164829384,0.8211206896551724,0.799141235848893,228,0.8970154311757792
229,229,0.8663793103448276,0.9256208635033922,0.8960000869241099,0.6972505647091859,0.8211206896551724,0.7995654439936893,228,0.8970154311757792
230,230,0.8620689655172413,0.9259320732795286,0.894000519398385,0.6983191572756438,0.8297413793103449,0.800231553717862,228,0.8970154311757792
231,231,0.8620689655172413,0.9258905786427104,0.8939797720799758,0.698643504198696,0.8318965517241379,0.8004441995631144,228,0.8970154311757792
232,232,0.8642241379310345,0.9258490840058922,0.8950366109684633,0.6985594634204493,0.8297413793103449,0.8004699337736862,228,0.8970154311757792
233,233,0.8642241379310345,0.9259113259611195,0.8950677319460769,0.6986418296076963,0.8297413793103449,0.8004477210866663,228,0.8970154311757792
234,234,0.8685344827586207,0.9259113259611196,0.8972229043598701,0.6985209152637867,0.8254310344827586,0.8005140882612992,234,0.8972229043598701
235,235,0.8663793103448276,0.9260773045083923,0.89622830742661,0.6990265619618812,0.8275862068965517,0.8007494885664256,234,0.8972229043598701
236,236,0.8620689655172413,0.9260565571899831,0.8940627613536123,0.6990620413750069,0.8297413793103449,0.8004799565714878,234,0.8972229043598701
237,237,0.8685344827586207,0.926222535737256,0.8973785092479383,0.697399989960021,0.8318965517241379,0.7984011741301295,237,0.8973785092479383
238,238,0.875,0.9264922508765743,0.9007461254382871,0.6974872306566547,0.8318965517241379,0.7983261385898301,238,0.9007461254382871
239,239,0.8685344827586207,0.9266167347870287,0.8975756087728246,0.6997376177198673,0.8362068965517241,0.8005032528042161,238,0.9007461254382871
240,240,0.8663793103448276,0.9267412186974834,0.8965602645211554,0.697809919868371,0.8232758620689655,0.7978575050709938,238,0.9007461254382871
241,241,0.8663793103448276,0.9268034606527107,0.8965913854987692,0.69752288621047,0.8275862068965517,0.7975541122726721,238,0.9007461254382871
242,242,0.8642241379310345,0.9267619660158924,0.8954930519734634,0.6970389216112072,0.8254310344827586,0.7975438185884433,238,0.9007461254382871
243,243,0.8642241379310345,0.9267619660158926,0.8954930519734635,0.6970241952139433,0.814655172413793,0.7973550107487734,238,0.9007461254382871
244,244,0.8620689655172413,0.926865702607938,0.8944673340625897,0.6972007698466561,0.8211206896551724,0.7976139781730552,238,0.9007461254382871
245,245,0.8620689655172413,0.9268034606527106,0.8944362130849759,0.6976134803915839,0.8297413793103449,0.7978279784504431,238,0.9007461254382871
246,246,0.8642241379310345,0.9269279445631652,0.8955760412470999,0.7003543618519759,0.8232758620689655,0.8007857873476535,238,0.9007461254382871
247,247,0.8663793103448276,0.9267412186974835,0.8965602645211556,0.7007857113857872,0.8232758620689655,0.8011533802291916,238,0.9007461254382871
248,248,0.8706896551724138,0.9272184070208925,0.8989540310966532,0.701168362624922,0.8275862068965517,0.8015288288171147,238,0.9007461254382871
249,249,0.8706896551724138,0.9271354177472562,0.8989125364598349,0.7017525509129396,0.8211206896551724,0.8019161964078293,238,0.9007461254382871
250,250,0.8663793103448276,0.9272391543393017,0.8968092323420647,0.7013057836650332,0.8211206896551724,0.8015843605346646,238,0.9007461254382871
251,251,0.8685344827586207,0.9273013962945289,0.8979179395265748,0.7007431728654837,0.8168103448275862,0.8011688207555346,238,0.9007461254382871
252,252,0.8685344827586207,0.9270524284736197,0.8977934556161202,0.7003484367021622,0.8189655172413793,0.8008329215859641,238,0.9007461254382871
253,253,0.8642241379310345,0.9268449552895288,0.8955345466102816,0.6973821104123598,0.8297413793103449,0.7978434189767861,238,0.9007461254382871
254,254,0.8663793103448276,0.9269486918815744,0.896664001113201,0.6960456036603843,0.8189655172413793,0.7973027296683483,238,0.9007461254382871
255,255,0.8642241379310345,0.9267412186974834,0.8954826783142589,0.6957134923036267,0.8211206896551724,0.797116630692949,238,0.9007461254382871
256,256,0.8663793103448276,0.9272391543393017,0.8968092323420647,0.6974047011051342,0.8254310344827586,0.797939583658397,238,0.9007461254382871
257,257,0.8663793103448276,0.9272391543393017,0.8968092323420647,0.6986992762002376,0.8254310344827586,0.7986579744629947,238,0.9007461254382871
258,258,0.8685344827586207,0.9274051328865744,0.8979698078225975,0.7015556553439249,0.8189655172413793,0.8015201604514485,238,0.9007461254382871
259,259,0.8663793103448276,0.9275088694786199,0.8969440899117238,0.7021047764879949,0.8275862068965517,0.8018468494824985,238,0.9007461254382871
260,260,0.8663793103448276,0.9276541007074837,0.8970167055261556,0.7025099896759593,0.8232758620689655,0.802264014580191,238,0.9007461254382871
261,261,0.8663793103448276,0.9277993319363472,0.8970893211405875,0.702681356795156,0.8211206896551724,0.8025590098992735,238,0.9007461254382871
262,262,0.8685344827586207,0.927529616797029,0.8980320497778249,0.7015078516276962,0.8211206896551724,0.8014434995925868,238,0.9007461254382871
263,263,0.8685344827586207,0.9271769123840743,0.8978556975713474,0.6999293264797457,0.8232758620689655,0.800680412527522,238,0.9007461254382871
264,264,0.8685344827586207,0.9271354177472562,0.8978349502529384,0.6999684994366231,0.8254310344827586,0.8006785163225325,238,0.9007461254382871
265,265,0.8663793103448276,0.927322143612938,0.8968507269788828,0.7009967429293409,0.8232758620689655,0.8013245804511017,238,0.9007461254382871
266,266,0.8663793103448276,0.9272184070208925,0.8967988586828601,0.7007805392005317,0.8275862068965517,0.8012649854371456,238,0.9007461254382871
267,267,0.8642241379310345,0.9270731757920287,0.8956486568615316,0.6973668173136309,0.8275862068965517,0.7980306014978936,238,0.9007461254382871
268,268,0.8685344827586207,0.9271561650656652,0.8978453239121429,0.697464724873523,0.8254310344827586,0.797995115375947,238,0.9007461254382871
269,269,0.8685344827586207,0.92728064897612,0.8979075658673703,0.6976143417110854,0.8275862068965517,0.7980297888386123,238,0.9007461254382871
270,270,0.8706896551724138,0.9275918587522562,0.8991407569623351,0.7029938546980191,0.8211206896551724,0.8023748071288639,238,0.9007461254382871
271,271,0.8663793103448276,0.9280068051204382,0.8971930577326329,0.7036579453695027,0.814655172413793,0.8027518810353497,238,0.9007461254382871
272,272,0.8685344827586207,0.9282765202597565,0.8984055015091885,0.7035759200960401,0.814655172413793,0.8028913875452921,238,0.9007461254382871
273,273,0.8685344827586207,0.9281727836677109,0.8983536332131659,0.7030137052850741,0.814655172413793,0.8025172933895044,238,0.9007461254382871
274,274,0.8685344827586207,0.9282765202597565,0.8984055015091885,0.7030018196309294,0.8254310344827586,0.8023666805360516,238,0.9007461254382871
275,275,0.8663793103448276,0.9284424988070292,0.8974109045759284,0.7021948973000668,0.8275862068965517,0.8014372692047641,238,0.9007461254382871
276,276,0.8685344827586207,0.9284010041702111,0.8984677434644159,0.7017961235614737,0.8275862068965517,0.8015307250221043,238,0.9007461254382871
277,277,0.8685344827586207,0.9282557729413474,0.898395127849984,0.7010089939447249,0.814655172413793,0.8009578002288448,238,0.9007461254382871
278,278,0.8685344827586207,0.9284217514886202,0.8984781171236205,0.7017379690359685,0.8232758620689655,0.8014724844402835,238,0.9007461254382871
279,279,0.8685344827586207,0.9285877300358929,0.8985611063972567,0.701634781548406,0.834051724137931,0.8008266911981414,238,0.9007461254382871
280,280,0.8706896551724138,0.928836697856802,0.8997631765146079,0.7010405843711336,0.8383620689655172,0.7998769633848233,238,0.9007461254382871
281,281,0.875,0.9289404344488474,0.9019702172244237,0.7013693694746682,0.834051724137931,0.8000503306981501,281,0.9019702172244237
282,282,0.8728448275862069,0.9288574451752111,0.900851136380709,0.7008362442342326,0.8297413793103449,0.7996036389799067,281,0.9019702172244237
283,283,0.875,0.9289819290856656,0.9019909645428328,0.7015815024246917,0.834051724137931,0.8003128196459839,283,0.9019909645428328
284,284,0.875,0.929064918359302,0.902032459179651,0.7012115907975607,0.8275862068965517,0.7999062191189473,284,0.902032459179651
285,285,0.875,0.9292308969065748,0.9021154484532874,0.7023269747023214,0.834051724137931,0.801299658899811,285,0.9021154484532874
286,286,0.8728448275862069,0.9291894022697567,0.9010171149279818,0.7023794936949068,0.8297413793103449,0.8014581274596488,285,0.9021154484532874
287,287,0.8685344827586207,0.9294176227722566,0.8989760527654387,0.7012549960741419,0.8232758620689655,0.8000885256843675,285,0.9021154484532874
288,288,0.8706896551724138,0.929272391543393,0.8999810233579034,0.7015384551659998,0.8189655172413793,0.8003995033026473,285,0.9021154484532874
289,289,0.8685344827586207,0.9292723915433929,0.8989034371510067,0.7006593872684801,0.814655172413793,0.7995174970960975,285,0.9021154484532874
290,290,0.8685344827586207,0.9291894022697567,0.8988619425141886,0.7007803965338231,0.8125,0.7995223730517849,285,0.9021154484532874
291,291,0.8685344827586207,0.9290856656777111,0.8988100742181659,0.7033773842677076,0.8168103448275862,0.8023217133891576,285,0.9021154484532874
292,292,0.8663793103448276,0.9291064129961203,0.8977428616704739,0.7028184533518993,0.8189655172413793,0.8013866134429013,285,0.9021154484532874
293,293,0.8685344827586207,0.9290856656777111,0.8988100742181659,0.7018450856054963,0.8103448275862069,0.7998512291742514,285,0.9021154484532874
294,294,0.8685344827586207,0.9288989398120293,0.8987167112853249,0.7018457063455721,0.814655172413793,0.7999381837173418,285,0.9021154484532874
295,295,0.8685344827586207,0.929044171040893,0.8987893268997569,0.7041752821874623,0.8103448275862069,0.8024295261871325,285,0.9021154484532874
296,296,0.8685344827586207,0.929044171040893,0.8987893268997569,0.7046072816231685,0.7995689655172413,0.8028136431407221,285,0.9021154484532874
297,297,0.875,0.9291064129961202,0.9020532064980601,0.7057173179585958,0.8103448275862069,0.8035621023387249,285,0.9021154484532874
298,298,0.875,0.9293138861802113,0.9021569430901056,0.7045899931889797,0.8060344827586207,0.8020199459093982,298,0.9021569430901056
299,299,0.875,0.9293346334986203,0.9021673167493102,0.7039516594231414,0.814655172413793,0.8014797983738146,299,0.9021673167493102
300,300,0.8706896551724138,0.9293138861802113,0.9000017706763126,0.7032689026029163,0.8125,0.8009653850488028,299,0.9021673167493102
301,301,0.8706896551724138,0.9293761281354386,0.9000328916539262,0.7028947284975909,0.8189655172413793,0.8006795998682408,299,0.9021673167493102
302,302,0.8685344827586207,0.9293761281354385,0.8989553054470296,0.7026008906288417,0.8232758620689655,0.8003485766543575,299,0.9021673167493102
303,303,0.8706896551724138,0.9295421066827112,0.9001158809275625,0.7049896129664839,0.8254310344827586,0.8028334178498986,299,0.9021673167493102
304,304,0.8728448275862069,0.9298740637772569,0.9013594456817319,0.7059053379582022,0.8232758620689655,0.803594879596401,299,0.9021673167493102
305,305,0.8793103448275862,0.9296458432747567,0.9044780940511714,0.7068896536132087,0.8318965517241379,0.8044782402350861,305,0.9044780940511714
306,306,0.8814655172413793,0.9300607896429387,0.9057631534421591,0.7074347982019944,0.8254310344827586,0.8048908002635182,306,0.9057631534421591
307,307,0.8836206896551724,0.9301645262349841,0.9068926079450783,0.7074442983274306,0.8232758620689655,0.8048680458036441,307,0.9068926079450783
308,308,0.8857758620689655,0.9300815369613478,0.9079286995151566,0.7072590300701433,0.8275862068965517,0.8047648380749294,308,0.9079286995151566
309,309,0.8836206896551724,0.9302060208718024,0.9069133552634874,0.7074351810794585,0.8232758620689655,0.804804387493282,308,0.9079286995151566
310,310,0.8814655172413793,0.9300192950061206,0.90574240612375,0.7072208046306173,0.8275862068965517,0.8046854683517969,308,0.9079286995151566
311,311,0.8814655172413793,0.9301852735533932,0.9058253953973863,0.7068853315638003,0.834051724137931,0.8044140401518697,308,0.9079286995151566
312,312,0.8814655172413793,0.9302267681902114,0.9058461427157953,0.7070253923758955,0.8275862068965517,0.8045326884069277,308,0.9079286995151566
313,313,0.8836206896551724,0.9302060208718024,0.9069133552634874,0.7071993599664178,0.8254310344827586,0.8046388758863403,308,0.9079286995151566
314,314,0.8814655172413793,0.9301022842797568,0.9057839007605681,0.7072922014814375,0.8297413793103449,0.8046605468005062,308,0.9079286995151566
315,315,0.8814655172413793,0.930164526234984,0.9058150217381817,0.7058171639160532,0.8318965517241379,0.8032007398450095,308,0.9079286995151566
316,316,0.8793103448275862,0.9302682628270296,0.9047893038273078,0.7060976486719723,0.8297413793103449,0.8038457204278705,308,0.9079286995151566
317,317,0.8706896551724138,0.9300400423245296,0.9003648487484717,0.7051703765696475,0.8318965517241379,0.8031804233629791,308,0.9079286995151566
318,318,0.8706896551724138,0.9299363057324841,0.900312980452449,0.7052301635882886,0.8318965517241379,0.8032327044434041,308,0.9079286995151566
319,319,0.8728448275862069,0.9299778003693022,0.9014113139777545,0.706240704397036,0.8297413793103449,0.80393646738094,308,0.9079286995151566
320,320,0.875,0.9300400423245296,0.9025200211622648,0.7070139447263826,0.8275862068965517,0.8043926401241309,308,0.9079286995151566
321,321,0.8836206896551724,0.9300400423245296,0.906830365989851,0.7084824330403261,0.8275862068965517,0.8051868791283092,308,0.9079286995151566
322,322,0.8814655172413793,0.9302267681902116,0.9058461427157954,0.7090473574945955,0.8211206896551724,0.8055585353062532,308,0.9079286995151566
323,323,0.8836206896551724,0.9303097574638479,0.9069652235595101,0.7090596144962303,0.8211206896551724,0.8054620997382154,308,0.9079286995151566
324,324,0.8793103448275862,0.9304342413743024,0.9048722931009443,0.7088976586166605,0.8297413793103449,0.805246203255838,308,0.9079286995151566
325,325,0.8814655172413793,0.9304549886927115,0.9059602529670454,0.7090066820081743,0.8232758620689655,0.8053824591286558,308,0.9079286995151566
326,326,0.8836206896551724,0.930351252100666,0.9069859708779192,0.708736499891928,0.8211206896551724,0.8053212387961373,308,0.9079286995151566
327,327,0.8857758620689655,0.9303927467374842,0.9080843044032249,0.7084084829500069,0.8318965517241379,0.8048241622024582,327,0.9080843044032249
328,328,0.8857758620689655,0.930330504782257,0.9080531834256113,0.707445221378039,0.8275862068965517,0.8036780417295123,327,0.9080843044032249
329,329,0.8814655172413793,0.9304134940558932,0.9059395056486363,0.7077928274585429,0.834051724137931,0.8044048300133492,327,0.9080843044032249
330,330,0.8771551724137931,0.9304342413743023,0.9037947068940477,0.7067529892519651,0.8362068965517241,0.8036168213969938,327,0.9080843044032249
331,331,0.8728448275862069,0.9303305047822568,0.9015876661842318,0.7068405859542808,0.8426724137931034,0.8039649104557827,327,0.9080843044032249
332,332,0.875,0.9303305047822569,0.9026652523911285,0.7064416023325947,0.834051724137931,0.8036886063001681,327,0.9080843044032249
333,333,0.8771551724137931,0.930351252100666,0.9037532122572296,0.70629052938671,0.8362068965517241,0.8036961911201261,327,0.9080843044032249
334,334,0.875,0.9303719994190751,0.9026859997095376,0.7059129616724996,0.834051724137931,0.8035523504273505,327,0.9080843044032249
335,335,0.8728448275862069,0.9304134940558932,0.90162916082105,0.7058233367287436,0.8383620689655172,0.8034662085435411,327,0.9080843044032249
336,336,0.8706896551724138,0.9303097574638477,0.9004997063181308,0.7052838939925319,0.834051724137931,0.8031281422825539,327,0.9080843044032249
337,337,0.8793103448275862,0.9302060208718024,0.9047581828496942,0.7060959540954758,0.8318965517241379,0.8035891909814324,327,0.9080843044032249
338,338,0.8771551724137931,0.9302682628270298,0.9037117176204115,0.7069180793512043,0.8275862068965517,0.8040564700681334,327,0.9080843044032249
339,339,0.8771551724137931,0.9302682628270296,0.9037117176204114,0.7069980831039879,0.8254310344827586,0.8041721385724935,327,0.9080843044032249
340,340,0.8771551724137931,0.930164526234984,0.9036598493243886,0.7061960536575372,0.8275862068965517,0.8035910871864218,327,0.9080843044032249
341,341,0.8793103448275862,0.9301645262349842,0.9047374355312852,0.7065085442916659,0.8254310344827586,0.8038430115635997,327,0.9080843044032249
342,342,0.8771551724137931,0.9303305047822568,0.903742838598025,0.7080925305510434,0.8297413793103449,0.8048886331721016,327,0.9080843044032249
343,343,0.8836206896551724,0.9306209672399841,0.9071208284475782,0.7085657410140359,0.8254310344827586,0.8052600184636187,327,0.9080843044032249
344,344,0.8836206896551724,0.9307039565136206,0.9071623230843965,0.7084193730785247,0.8297413793103449,0.8051289094329154,327,0.9080843044032249
345,345,0.8814655172413793,0.9307247038320297,0.9060951105367046,0.7082544475861038,0.8297413793103449,0.8049598763024219,327,0.9080843044032249
346,346,0.8836206896551724,0.9307247038320297,0.907172696743601,0.7086921290680388,0.8297413793103449,0.805312570430471,327,0.9080843044032249
347,347,0.8836206896551724,0.9307869457872571,0.9072038177212147,0.7085580425190526,0.8275862068965517,0.8052445779372757,327,0.9080843044032249
348,348,0.8771551724137931,0.9307454511504387,0.9039503117821159,0.708416923628122,0.8318965517241379,0.8051801069676322,327,0.9080843044032249
349,349,0.8814655172413793,0.9307869457872571,0.9061262315143181,0.7088264649498731,0.834051724137931,0.8054629123974965,327,0.9080843044032249
350,350,0.8836206896551724,0.9309529243345298,0.9072868069948511,0.7092268906104698,0.8318965517241379,0.8057638672179745,327,0.9080843044032249
351,351,0.8836206896551724,0.9309736716529389,0.9072971806540556,0.7094342870595535,0.8362068965517241,0.8058800774951891,327,0.9080843044032249
352,352,0.8836206896551724,0.9309736716529389,0.9072971806540556,0.7095170931531973,0.8383620689655172,0.8059654067197171,327,0.9080843044032249
353,353,0.8879310344827587,0.9309529243345296,0.9094419794086441,0.7100222528772686,0.834051724137931,0.806395574365909,353,0.9094419794086441
354,354,0.8900862068965517,0.9309529243345298,0.9105195656155407,0.7103175272730825,0.8362068965517241,0.8066377468317124,354,0.9105195656155407
355,355,0.8857758620689655,0.9309736716529389,0.9083747668609522,0.7100288538775564,0.8362068965517241,0.8064554402662921,354,0.9105195656155407
356,356,0.8836206896551724,0.9309736716529389,0.9072971806540556,0.7094075758022492,0.8362068965517241,0.8059716371075397,354,0.9105195656155407
357,357,0.8857758620689655,0.9309114296977115,0.9083436458833385,0.7094807691930488,0.8318965517241379,0.8060594043099114,354,0.9105195656155407
358,358,0.8836206896551724,0.9307039565136206,0.9071623230843965,0.7098965732044369,0.834051724137931,0.806335979351953,354,0.9105195656155407
359,359,0.8879310344827587,0.9310981555633935,0.9095145950230761,0.7107442584314544,0.8275862068965517,0.8070790208214144,354,0.9105195656155407
360,360,0.8900862068965517,0.9310774082449842,0.9105818075707679,0.7107063952815141,0.8275862068965517,0.807041096721624,360,0.9105818075707679
361,361,0.8900862068965517,0.9311811448370299,0.9106336758667908,0.709956118937098,0.8318965517241379,0.806577339158475,361,0.9106336758667908
362,362,0.8900862068965517,0.9313678707027115,0.9107270387996316,0.7101351563610405,0.8448275862068966,0.806807592621487,362,0.9107270387996316
363,363,0.8922413793103449,0.9313886180211208,0.9118149986657329,0.7102495004894924,0.8469827586206896,0.8069706662505851,363,0.9118149986657329
364,364,0.8943965517241379,0.9312641341106662,0.9128303429174021,0.7101756959110919,0.8448275862068966,0.8069300332865241,364,0.9128303429174021
365,365,0.8922413793103449,0.9312848814290754,0.9117631303697101,0.7103675366771841,0.8405172413793104,0.8070673727050501,364,0.9128303429174021
366,366,0.8900862068965517,0.9313056287474843,0.910695917822018,0.7102090999364367,0.8383620689655172,0.8068070508486329,364,0.9128303429174021
367,367,0.8857758620689655,0.9311811448370299,0.9084785034529976,0.7102107119761674,0.8383620689655172,0.8067599166103223,364,0.9128303429174021
368,368,0.8836206896551724,0.9313056287474843,0.9074631592013284,0.7100698878266096,0.8383620689655172,0.8066111999618593,364,0.9128303429174021
369,369,0.8771551724137931,0.9311603975186207,0.9041577849662069,0.7089429996857084,0.834051724137931,0.8058527179660546,364,0.9128303429174021
370,370,0.8771551724137931,0.9312433867922572,0.9041992796030252,0.70880735178844,0.8362068965517241,0.8058080217055875,364,0.9128303429174021
371,371,0.8814655172413793,0.9313263760658935,0.9063959466536364,0.7094735554875151,0.834051724137931,0.8064456883549176,364,0.9128303429174021
372,372,0.8814655172413793,0.9314093653395299,0.9064374412904546,0.7095209704216181,0.834051724137931,0.806466275723375,364,0.9128303429174021
373,373,0.8879310344827587,0.9313263760658935,0.9096287052743262,0.7102189597667573,0.834051724137931,0.8070465144501655,364,0.9128303429174021
374,374,0.8836206896551724,0.9312848814290752,0.9074527855421237,0.7101491940702738,0.8383620689655172,0.8068617699069016,364,0.9128303429174021
375,375,0.8900862068965517,0.9313056287474843,0.910695917822018,0.7107770249781014,0.8362068965517241,0.8073450312928,364,0.9128303429174021
376,376,0.8943965517241379,0.9313678707027118,0.9128822112134248,0.7112267710707337,0.834051724137931,0.8076733456424126,376,0.9128822112134248
377,377,0.8943965517241379,0.9314923546131663,0.9129444531686521,0.7113067640786093,0.8318965517241379,0.8077115406286298,377,0.9129444531686521
378,378,0.8943965517241379,0.9314923546131663,0.9129444531686521,0.7115384053702163,0.8362068965517241,0.8078591737313847,377,0.9129444531686521
379,379,0.8943965517241379,0.9315131019315753,0.9129548268278567,0.7120742081103801,0.8362068965517241,0.8082121387458607,379,0.9129548268278567
380,380,0.8922413793103449,0.9315545965683935,0.9118979879393692,0.7125771764386587,0.8405172413793104,0.8084540403252369,379,0.9129548268278567
381,381,0.8922413793103449,0.9313263760658935,0.9117838776881192,0.7125084320693134,0.8405172413793104,0.8084469972781332,379,0.9129548268278567
382,382,0.8922413793103449,0.9315753438868026,0.9119083615985737,0.7118166018259384,0.8383620689655172,0.8081552525961755,379,0.9129548268278567
383,383,0.8857758620689655,0.9313886180211207,0.9085822400450432,0.7111256869831587,0.8254310344827586,0.8075815151436349,379,0.9129548268278567
384,384,0.8836206896551724,0.9313056287474845,0.9074631592013285,0.7109358122063577,0.8254310344827586,0.8073428642013833,379,0.9129548268278567
385,385,0.8836206896551724,0.9311811448370297,0.9074009172461011,0.7112319037757762,0.8318965517241379,0.8075219201296786,379,0.9129548268278567
386,386,0.8879310344827587,0.9314923546131663,0.9097116945479624,0.7118201409912337,0.8297413793103449,0.8079003484682996,379,0.9129548268278567
387,387,0.8879310344827587,0.9315753438868026,0.9097531891847807,0.7122224970679675,0.8275862068965517,0.8081934475823928,379,0.9129548268278567
388,388,0.8857758620689655,0.9315338492499845,0.908654855659475,0.7116304316101266,0.8232758620689655,0.8078212496315944,379,0.9129548268278567
389,389,0.8857758620689655,0.9315131019315753,0.9086444820002704,0.7116598710555215,0.8232758620689655,0.8078033711274076,379,0.9129548268278567
390,390,0.8879310344827587,0.9315338492499844,0.9097324418663715,0.7125082628494634,0.8275862068965517,0.8084475390509872,379,0.9129548268278567
391,391,0.8857758620689655,0.9315338492499845,0.908654855659475,0.7121401597971395,0.8297413793103449,0.8080360625682634,379,0.9129548268278567
392,392,0.8900862068965517,0.9317620697524845,0.9109241383245181,0.7124379045772983,0.8318965517241379,0.8082021159480591,379,0.9129548268278567
393,393,0.8922413793103449,0.9320110375733937,0.9121262084418693,0.7132721661231738,0.8448275862068966,0.8086715621261766,379,0.9129548268278567
394,394,0.8943965517241379,0.9319487956181665,0.9131726736711522,0.7140719348737256,0.8556034482758621,0.8091350488028987,394,0.9131726736711522
395,395,0.8943965517241379,0.9319487956181663,0.9131726736711521,0.7142152866840903,0.8599137931034483,0.809139924758586,394,0.9131726736711522
396,396,0.8922413793103449,0.9319902902549846,0.9121158347826648,0.7146267837852674,0.8577586206896551,0.8093127502990586,394,0.9131726736711522
397,397,0.8922413793103449,0.9319487956181662,0.9120950874642555,0.7147289305510589,0.8491379310344828,0.8093173553683188,394,0.9131726736711522
398,398,0.8943965517241379,0.9320525322102119,0.913224541967175,0.7144611391353011,0.8512931034482758,0.809284307224216,398,0.913224541967175
399,399,0.8922413793103449,0.9320317848918027,0.9121365821010738,0.7139729125232417,0.853448275862069,0.8090713904925364,398,0.913224541967175
400,400,0.8943965517241379,0.9320317848918027,0.9132141683079703,0.7138354997770169,0.853448275862069,0.8089771220159151,398,0.913224541967175
